rank,character,guild,server,region,dps,ilvl,duration_s,crit,haste,mastery,vers,report_id,fight_id,source_id,world_tender_count,world_tender_2p,world_tender_slots,world_tender_names,arcanoweave_bonus_count,arcanoweave_bonus_slots,arcanoweave_bonus_names,arcanoweave_source,arcanoweave_source_events,arcanoweave_self_events,arcanoweave_received_events,embellished_8791_count,embellished_8791_slots,embellished_8791_names,crafted_8960_count,crafted_8960_names,tier_count,tier_slots,tier_chest,tier_shoulder,chest_item,shoulder_item,belt_item,boots_item,wrist_item,back_item,ring1_item,ring2_item,strategy,gear_ids
4,打睡着了,The Six Army,熊猫酒仙,CN,165808.3267899,291.0,565.452,739,756,1476,72,4N7dxrvAKwjXbnpC,1,1,0,False,,,0,,,False,0,0,14,2,wrist;ring2,"Farstrider's Plated Bracers (244584, 285);Masterwork Sin'dorei Band (240949, 285)",2,"Farstrider's Plated Bracers (244584, 285);Masterwork Sin'dorei Band (240949, 285)",4,head;chest;legs;hands,True,False,"Primal Sentry's Scaleplate (249991, 289)","Nullwalker's Dread Epaulettes (249318, 289)","Scornbane Waistguard (249371, 289)","Whipcoil Sabatons (251084, 289)","Farstrider's Plated Bracers (244584, 285)","Potion-Stained Cloak (193712, 289)","Sporecaller's Blooming Loop (268290, 298)","Masterwork Sin'dorei Band (240949, 285)",other_embellishment_2x,249988;250247;249318;268274;249991;249371;249987;251084;244584;249989;268290;240949;249806;249343;193712;249279
8,最高的山,,血色十字军,CN,162051.05655736,291.0,569.917,877,683,1140,0,BKWcYLx3G8AtyXT2,80,1137,0,False,,,2,wrist;back,"Farstrider's Plated Bracers (244584, 285);Adherent's Silken Shroud (239656, 285)",True,74,35,59,2,wrist;back,"Farstrider's Plated Bracers (244584, 285);Adherent's Silken Shroud (239656, 285)",2,"Farstrider's Plated Bracers (244584, 285);Adherent's Silken Shroud (239656, 285)",4,head;chest;legs;hands,True,False,"Primal Sentry's Scaleplate (249991, 289)","Nullwalker's Dread Epaulettes (249318, 289)","Primal Sentry's Cinch (249985, 289)","Grudgefiend Stompers (268287, 298)","Farstrider's Plated Bracers (244584, 285)","Adherent's Silken Shroud (239656, 285)","Bond of Light (249369, 289)","Sin'dorei Band of Hope (249919, 289)",arcanoweave_2x,249988;250247;249318;249991;249985;249987;268287;244584;249989;249369;249919;249343;193701;239656;249279
10,爆炸丶杨梅,小 法 狮,国王之谷,CN,161726.34893324,291.0,574.213,996,724,1302,0,QaHbWfzTRm8xnFy2,47,497,0,False,,,1,wrist,"Farstrider's Plated Bracers (244584, 285)",True,55,30,43,1,wrist,"Farstrider's Plated Bracers (244584, 285)",1,"Farstrider's Plated Bracers (244584, 285)",4,head;chest;legs;hands,True,False,"Primal Sentry's Scaleplate (249991, 289)","Nullwalker's Dread Epaulettes (249318, 289)","Primal Sentry's Cinch (249985, 289)","Grudgefiend Stompers (268287, 298)","Farstrider's Plated Bracers (244584, 285)","Draconic Nullcape (249370, 289)","Sin'dorei Band of Hope (249919, 289)","Eye of Midnight (249920, 289)",arcanoweave_1x_or_mixed,249988;250247;249318;249991;249985;249987;268287;244584;249989;249919;249920;249343;249806;249370;249288
11,橘市,The Six Army,熊猫酒仙,CN,161383.87282199,290.0,556.7,751,689,1495,114,XDPfG8v7nqx312gQ,104,730,0,False,,,2,boots;wrist,"Farstrider's Razor Talons (244577, 285);Farstrider's Plated Bracers (244584, 285)",True,56,29,44,2,boots;wrist,"Farstrider's Razor Talons (244577, 285);Farstrider's Plated Bracers (244584, 285)",2,"Farstrider's Razor Talons (244577, 285);Farstrider's Plated Bracers (244584, 285)",4,head;chest;legs;hands,True,False,"Primal Sentry's Scaleplate (249991, 289)","Scaled Commencement Spaulders (193704, 289)","Waistcord of the Judged (249303, 289)","Farstrider's Razor Talons (244577, 285)","Farstrider's Plated Bracers (244584, 285)","Potion-Stained Cloak (193712, 289)","Eye of Midnight (249920, 289)","Bond of Light (249369, 289)",arcanoweave_2x,249988;250247;193704;52019;249991;249303;249987;244577;244584;249989;249920;249369;249806;249343;193712;249288;46874
12,Onedarkholme,,Stormrage,US,160949.33400624,290.0,554.81,821,669,1259,53,4TmaYRn6XkG1xWF3,1,28,2,True,belt;boots,"World Tender's Barkclasp (244611, 285);World Tender's Rootslippers (244610, 285)",0,,,False,0,0,22,0,,,2,"World Tender's Barkclasp (244611, 285);World Tender's Rootslippers (244610, 285)",4,head;chest;legs;hands,True,False,"Primal Sentry's Scaleplate (249991, 289)","Nullwalker's Dread Epaulettes (249318, 289)","World Tender's Barkclasp (244611, 285)","World Tender's Rootslippers (244610, 285)","Fallen King's Cuffs (249304, 289)","Draconic Nullcape (249370, 289)","Bifurcation Band (251115, 289)","Sin'dorei Band of Hope (249919, 289)",world_tender_2p,249988;250247;249318;249991;244611;249987;244610;249304;249989;251115;249919;249343;193701;249370;249279
13,穿十,,血色十字军,CN,160912.16728422,290.0,564.596,1098,392,1150,52,2JdbfFwgaH4p69Ky,105,1709,2,True,belt;boots,"World Tender's Barkclasp (244611, 285);World Tender's Rootslippers (244610, 285)",0,,,False,0,0,22,1,ring1,"Masterwork Sin'dorei Band (240949, 285)",2,"World Tender's Barkclasp (244611, 285);World Tender's Rootslippers (244610, 285)",4,head;chest;legs;hands,True,False,"Primal Sentry's Scaleplate (249991, 289)","Spaulders of Arrow's Flight (251097, 289)","World Tender's Barkclasp (244611, 285)","World Tender's Rootslippers (244610, 285)","Fallen King's Cuffs (249304, 289)","Draconic Nullcape (249370, 289)","Masterwork Sin'dorei Band (240949, 285)","Sin'dorei Band of Hope (249919, 289)",world_tender_2p,249988;250247;251097;249991;244611;249987;244610;249304;249989;240949;249919;249343;193701;249370;249288;233290
14,抄作业,,熊猫酒仙,CN,160859.59059391,290.0,573.416,813,755,1471,16,Lw41TrzB3qMdGFDP,14,13,0,False,,,2,boots;back,"Farstrider's Razor Talons (244577, 285);Adherent's Silken Shroud (239656, 285)",True,57,29,53,2,boots;back,"Farstrider's Razor Talons (244577, 285);Adherent's Silken Shroud (239656, 285)",2,"Farstrider's Razor Talons (244577, 285);Adherent's Silken Shroud (239656, 285)",4,head;chest;legs;hands,True,False,"Primal Sentry's Scaleplate (249991, 289)","Nullwalker's Dread Epaulettes (249318, 289)","Scornbane Waistguard (249371, 289)","Farstrider's Razor Talons (244577, 285)","Fallen King's Cuffs (249304, 289)","Adherent's Silken Shroud (239656, 285)","Platinum Star Band (193708, 289)","Eye of Midnight (249920, 289)",arcanoweave_2x,249988;250247;249318;249991;249371;249987;244577;249304;249989;193708;249920;249806;249343;239656;249279
16,동칩,고양이 발바닥,아즈샤라,KR,160369.86059938,291.0,539.022,832,857,1010,41,yZDwF72mLBQzjGvC,62,92,2,True,chest;belt,"World Tender's Trunkplate (244609, 285);World Tender's Barkclasp (244611, 285)",0,,,False,0,0,21,0,,,2,"World Tender's Trunkplate (244609, 285);World Tender's Barkclasp (244611, 285)",4,head;shoulder;legs;hands,False,True,"World Tender's Trunkplate (244609, 285)","Primal Sentry's Trophies (249986, 289)","World Tender's Barkclasp (244611, 285)","Primal Sentry's Swiftsteps (249990, 298)","Fallen King's Cuffs (249304, 289)","Rigid Scale Greatcloak (258575, 289)","Occlusion of Void (251217, 289)","Omission of Light (251093, 289)",world_tender_2p,249988;268291;249986;16060;244609;244611;249987;249990;249304;249989;251217;251093;249343;193701;258575;249279;157758
17,一桶水果茶丶,小 法 狮,国王之谷,CN,160196.9759832,291.0,576.055,889,697,1326,83,4yhwrVa3MJKfWpBN,107,1657,0,False,,,1,wrist,"Farstrider's Plated Bracers (244584, 285)",True,65,30,57,0,,,1,"Farstrider's Plated Bracers (244584, 285)",5,head;shoulder;chest;legs;hands,True,True,"Primal Sentry's Scaleplate (249991, 289)","Primal Sentry's Trophies (249986, 289)","Waistcord of the Judged (249303, 289)","Primal Sentry's Swiftsteps (249990, 298)","Farstrider's Plated Bracers (244584, 285)","Rigid Scale Greatcloak (258575, 289)","Sin'dorei Band of Hope (249919, 289)","Bond of Light (249369, 289)",arcanoweave_1x_or_mixed,249988;250247;249986;249991;249303;249987;249990;244584;249989;249919;249369;249343;249806;258575;249279
18,Firaa,DMG,Illidan,US,160193.40344515,290.0,551.5,523,1055,1120,52,6nWZwM4kDpThV1CG,54,51,2,True,belt;boots,"World Tender's Barkclasp (244611, 285);World Tender's Rootslippers (244610, 285)",0,,,False,0,0,35,0,,,2,"World Tender's Barkclasp (244611, 285);World Tender's Rootslippers (244610, 285)",4,head;chest;legs;hands,True,False,"Primal Sentry's Scaleplate (249991, 289)","Nullwalker's Dread Epaulettes (249318, 289)","World Tender's Barkclasp (244611, 285)","World Tender's Rootslippers (244610, 285)","Fallen King's Cuffs (249304, 289)","Draconic Nullcape (249370, 289)","Eye of Midnight (249920, 289)","Omission of Light (251093, 289)",world_tender_2p,249988;250247;249318;6795;249991;244611;249987;244610;249304;249989;249920;251093;249343;193701;249370;249279
20,莓莓车厘子,小 法 狮,国王之谷,CN,159831.83441755,291.0,579.53,970,688,1343,41,QaHbWfzTRm8xnFy2,24,267,0,False,,,2,wrist;back,"Farstrider's Plated Bracers (244584, 285);Adherent's Silken Shroud (239656, 285)",True,62,30,30,2,wrist;back,"Farstrider's Plated Bracers (244584, 285);Adherent's Silken Shroud (239656, 285)",2,"Farstrider's Plated Bracers (244584, 285);Adherent's Silken Shroud (239656, 285)",5,head;shoulder;chest;legs;hands,True,True,"Primal Sentry's Scaleplate (249991, 289)","Primal Sentry's Trophies (249986, 289)","Primal Sentry's Cinch (249985, 289)","Primal Sentry's Swiftsteps (249990, 298)","Farstrider's Plated Bracers (244584, 285)","Adherent's Silken Shroud (239656, 285)","Bond of Light (249369, 289)","Sin'dorei Band of Hope (249919, 289)",arcanoweave_2x,249988;250247;249986;249991;249985;249987;249990;244584;249989;249369;249919;249343;249806;239656;249279
21,耶丶问,,燃烧之刃,CN,159790.72512648,289.0,575.21,919,679,1068,0,GxJ2KCV1qAZj6zyk,14,12,0,False,,,2,wrist;back,"Farstrider's Plated Bracers (244584, 285);Adherent's Silken Shroud (239656, 285)",True,61,29,48,2,wrist;back,"Farstrider's Plated Bracers (244584, 285);Adherent's Silken Shroud (239656, 285)",2,"Farstrider's Plated Bracers (244584, 285);Adherent's Silken Shroud (239656, 285)",4,head;chest;legs;hands,True,False,"Primal Sentry's Scaleplate (249991, 289)","Primal Spark Pauldrons (260374, 289)","Scornbane Waistguard (249371, 289)","Primal Sentry's Swiftsteps (249990, 289)","Farstrider's Plated Bracers (244584, 285)","Adherent's Silken Shroud (239656, 285)","Bifurcation Band (251115, 276)","Platinum Star Band (193708, 289)",arcanoweave_2x,249988;249368;260374;249991;249371;249987;249990;244584;249989;251115;193708;249343;193701;239656;249288
22,은칩,고양이 발바닥,아즈샤라,KR,159786.66885912,291.0,535.168,729,960,1019,73,GXfdrkp9QYcvFaqZ,1,17,2,True,chest;belt,"World Tender's Trunkplate (244609, 285);World Tender's Barkclasp (244611, 285)",0,,,False,0,0,37,0,,,2,"World Tender's Trunkplate (244609, 285);World Tender's Barkclasp (244611, 285)",4,head;shoulder;legs;hands,False,True,"World Tender's Trunkplate (244609, 285)","Primal Sentry's Trophies (249986, 289)","World Tender's Barkclasp (244611, 285)","Primal Sentry's Swiftsteps (249990, 298)","Fallen King's Cuffs (249304, 289)","Imperator's Banner (249335, 289)","Eye of Midnight (249920, 289)","Sporecaller's Blooming Loop (268290, 298)",world_tender_2p,249988;250247;249986;268274;244609;244611;249987;249990;249304;249989;249920;268290;249343;193701;249335;249288;5976
23,下雨天,The Six Army,鬼雾峰,CN,159721.13990224,292.0,565.452,730,725,1296,16,4N7dxrvAKwjXbnpC,1,13,0,False,,,2,wrist;back,"Farstrider's Plated Bracers (244584, 285);Adherent's Silken Shroud (239656, 285)",True,77,34,75,2,wrist;back,"Farstrider's Plated Bracers (244584, 285);Adherent's Silken Shroud (239656, 285)",2,"Farstrider's Plated Bracers (244584, 285);Adherent's Silken Shroud (239656, 285)",4,head;chest;legs;hands,True,False,"Primal Sentry's Scaleplate (249991, 289)","Scaled Commencement Spaulders (193704, 289)","Primal Sentry's Cinch (249985, 289)","Primal Sentry's Swiftsteps (249990, 298)","Farstrider's Plated Bracers (244584, 285)","Adherent's Silken Shroud (239656, 285)","Sporecaller's Blooming Loop (268290, 298)","Bond of Light (249369, 289)",arcanoweave_2x,249988;250247;193704;249991;249985;249987;249990;244584;249989;268290;249369;193701;249343;239656;249279
25,葡玉丶问墨,小 法 狮,国王之谷,CN,159584.79317459,290.0,571.98,1044,869,1127,0,Kv1GqgDVzb8WPk7M,15,2,0,False,,,2,boots;back,"Farstrider's Razor Talons (244577, 285);Adherent's Silken Shroud (239656, 285)",True,62,31,48,1,back,"Adherent's Silken Shroud (239656, 285)",2,"Farstrider's Razor Talons (244577, 285);Adherent's Silken Shroud (239656, 285)",4,head;chest;legs;hands,True,False,"Primal Sentry's Scaleplate (249991, 289)","Nullwalker's Dread Epaulettes (249318, 289)","Primal Sentry's Cinch (249985, 289)","Farstrider's Razor Talons (244577, 285)","Fallen King's Cuffs (249304, 289)","Adherent's Silken Shroud (239656, 285)","Bond of Light (249369, 289)","Eye of Midnight (249920, 289)",arcanoweave_2x,249988;249337;249318;249991;249985;249987;244577;249304;249989;249369;249920;249343;249806;239656;249279
26,劈星逮月,,影之哀伤,CN,159336.60758889,290.0,552.492,699,777,1535,0,9WXmfyLz1wTvxbAn,57,732,0,False,,,2,belt;back,"Farstrider's Trophy Belt (244581, 285);Adherent's Silken Shroud (239656, 285)",True,51,25,55,2,belt;back,"Farstrider's Trophy Belt (244581, 285);Adherent's Silken Shroud (239656, 285)",2,"Farstrider's Trophy Belt (244581, 285);Adherent's Silken Shroud (239656, 285)",4,head;chest;legs;hands,True,False,"Primal Sentry's Scaleplate (249991, 289)","Nullwalker's Dread Epaulettes (249318, 289)","Farstrider's Trophy Belt (244581, 285)","Primal Sentry's Swiftsteps (249990, 289)","Fallen King's Cuffs (249304, 289)","Adherent's Silken Shroud (239656, 285)","Eye of Midnight (249920, 289)","Masterwork Sin'dorei Band (240949, 285)",arcanoweave_2x,249988;268291;249318;249991;244581;249987;249990;249304;249989;249920;240949;249806;249343;239656;249279
27,毛利二五郎当,,血色十字军,CN,159332.82792535,290.0,566.539,747,766,1193,52,KCxvkbjmhAZGVqTP,26,13,2,True,belt;boots,"World Tender's Barkclasp (244611, 285);World Tender's Rootslippers (244610, 285)",0,,,False,0,0,25,0,,,2,"World Tender's Barkclasp (244611, 285);World Tender's Rootslippers (244610, 285)",4,head;chest;legs;hands,True,False,"Primal Sentry's Scaleplate (249991, 289)","Scaled Commencement Spaulders (193704, 289)","World Tender's Barkclasp (244611, 285)","World Tender's Rootslippers (244610, 285)","Fallen King's Cuffs (249304, 289)","Draconic Nullcape (249370, 289)","Platinum Star Band (193708, 289)","Eye of Midnight (249920, 289)",world_tender_2p,249988;250247;193704;268274;249991;244611;249987;244610;249304;249989;193708;249920;249343;193701;249370;249279;233290
29,Блессито,Гнев Анархии,Ревущий фьорд,EU,158722.3395263,290.0,579.69,812,745,1106,52,zJ7TpQwPCbRaYnfB,4,22,2,True,belt;boots,"World Tender's Barkclasp (244611, 285);World Tender's Rootslippers (244610, 285)",0,,,False,0,0,34,0,,,2,"World Tender's Barkclasp (244611, 285);World Tender's Rootslippers (244610, 285)",4,head;chest;legs;hands,True,False,"Primal Sentry's Scaleplate (249991, 289)","Nullwalker's Dread Epaulettes (249318, 289)","World Tender's Barkclasp (244611, 285)","World Tender's Rootslippers (244610, 285)","Fallen King's Cuffs (249304, 289)","Draconic Nullcape (249370, 289)","Bond of Light (249369, 289)","Sin'dorei Band of Hope (249919, 289)",world_tender_2p,249988;249368;249318;268274;249991;244611;249987;244610;249304;249989;249369;249919;193701;249343;249370;249279
30,高圆圆丿,,埃德萨拉,CN,158599.68278757,290.0,575.009,857,730,1402,0,BXRwMZatV49A1Dcm,10,19,0,False,,,2,wrist;back,"Farstrider's Plated Bracers (244584, 285);Adherent's Silken Shroud (239656, 285)",True,61,32,53,1,back,"Adherent's Silken Shroud (239656, 285)",2,"Farstrider's Plated Bracers (244584, 285);Adherent's Silken Shroud (239656, 285)",4,head;chest;legs;hands,True,False,"Primal Sentry's Scaleplate (249991, 289)","Nullwalker's Dread Epaulettes (249318, 289)","Scornbane Waistguard (249371, 289)","Primal Sentry's Swiftsteps (249990, 289)","Farstrider's Plated Bracers (244584, 285)","Adherent's Silken Shroud (239656, 285)","Sin'dorei Band of Hope (249919, 289)","Bond of Light (249369, 289)",arcanoweave_2x,249988;250247;249318;249991;249371;249987;249990;244584;249989;249919;249369;249806;249343;239656;249279
31,相愛不會害怕,iuiuiuiui,凤凰之神,CN,158494.65624587,290.0,559.906,633,827,1585,0,xWYabdvVKqRT8C3Q,17,311,0,False,,,2,boots;back,"Farstrider's Razor Talons (244577, 285);Adherent's Silken Shroud (239656, 285)",True,76,34,77,0,,,2,"Farstrider's Razor Talons (244577, 285);Adherent's Silken Shroud (239656, 285)",4,head;chest;legs;hands,True,False,"Primal Sentry's Scaleplate (249991, 289)","Scaled Commencement Spaulders (193704, 289)","Primal Sentry's Cinch (249985, 289)","Farstrider's Razor Talons (244577, 285)","Fallen King's Cuffs (249304, 289)","Adherent's Silken Shroud (239656, 285)","Eye of Midnight (249920, 289)","Bond of Light (249369, 289)",arcanoweave_2x,249988;250247;193704;249991;249985;249987;244577;249304;249989;249920;249369;249343;249806;239656;249288
32,绝三十二,,丽丽（四川）,CN,158494.49187384,290.0,575.241,918,709,1371,16,dKkcq8DYpf9F6AbV,61,232,0,False,,,2,wrist;back,"Farstrider's Plated Bracers (244584, 285);Adherent's Silken Shroud (239656, 285)",True,66,33,51,2,wrist;back,"Farstrider's Plated Bracers (244584, 285);Adherent's Silken Shroud (239656, 285)",2,"Farstrider's Plated Bracers (244584, 285);Adherent's Silken Shroud (239656, 285)",4,head;chest;legs;hands,True,False,"Primal Sentry's Scaleplate (249991, 289)","Nullwalker's Dread Epaulettes (249318, 289)","Scornbane Waistguard (249371, 289)","Darkstrider Treads (249377, 289)","Farstrider's Plated Bracers (244584, 285)","Adherent's Silken Shroud (239656, 285)","Sin'dorei Band of Hope (249919, 289)","Bond of Light (249369, 289)",arcanoweave_2x,249988;250247;249318;249991;249371;249987;249377;244584;249989;249919;249369;249343;249806;239656;249279
33,索尼的机子丶,,伊森利恩,CN,158454.81391861,291.0,586.84,877,800,1045,0,ApqNa2zgQLdCrYD6,16,33,0,False,,,2,wrist;back,"Farstrider's Plated Bracers (244584, 285);Adherent's Silken Shroud (239656, 285)",True,53,28,58,0,,,2,"Farstrider's Plated Bracers (244584, 285);Adherent's Silken Shroud (239656, 285)",4,head;chest;legs;hands,True,False,"Primal Sentry's Scaleplate (249991, 289)","Nullwalker's Dread Epaulettes (249318, 289)","Primal Sentry's Cinch (249985, 289)","Grudgefiend Stompers (268287, 298)","Farstrider's Plated Bracers (244584, 285)","Adherent's Silken Shroud (239656, 285)","Eye of Midnight (249920, 289)","Platinum Star Band (193708, 289)",arcanoweave_2x,249988;250247;249318;249991;249985;249987;268287;244584;249989;249920;193708;193701;249343;239656;249288
34,阿绝五,,丽丽（四川）,CN,158249.64463179,290.0,570.535,1151,834,1043,16,CPr6bq8FQMZ7Tamj,10,11,0,False,,,2,wrist;back,"Farstrider's Plated Bracers (244584, 285);Adherent's Silken Shroud (239656, 285)",True,76,34,61,2,wrist;back,"Farstrider's Plated Bracers (244584, 285);Adherent's Silken Shroud (239656, 285)",2,"Farstrider's Plated Bracers (244584, 285);Adherent's Silken Shroud (239656, 285)",4,head;chest;legs;hands,True,False,"Primal Sentry's Scaleplate (249991, 289)","Nullwalker's Dread Epaulettes (249318, 289)","Primal Sentry's Cinch (249985, 289)","Darkstrider Treads (249377, 289)","Farstrider's Plated Bracers (244584, 285)","Adherent's Silken Shroud (239656, 285)","Sin'dorei Band of Hope (249919, 289)","Eye of Midnight (249920, 289)",arcanoweave_2x,249988;250247;249318;249991;249985;249987;249377;244584;249989;249919;249920;249343;249806;239656;249288
36,老瓜子停,,安苏,CN,157793.71844364,290.0,560.307,685,779,1567,0,hXGTNpgkmrbLtynW,63,950,0,False,,,2,belt;wrist,"Farstrider's Trophy Belt (244581, 285);Farstrider's Plated Bracers (244584, 285)",True,72,34,64,2,belt;wrist,"Farstrider's Trophy Belt (244581, 285);Farstrider's Plated Bracers (244584, 285)",2,"Farstrider's Trophy Belt (244581, 285);Farstrider's Plated Bracers (244584, 285)",4,head;chest;legs;hands,True,False,"Primal Sentry's Scaleplate (249991, 289)","Nullwalker's Dread Epaulettes (249318, 289)","Farstrider's Trophy Belt (244581, 285)","Primal Sentry's Swiftsteps (249990, 289)","Farstrider's Plated Bracers (244584, 285)","Defiant Defender's Drape (260312, 289)","Eye of Midnight (249920, 289)","Bond of Light (249369, 289)",arcanoweave_2x,249988;250247;249318;268274;249991;244581;249987;249990;244584;249989;249920;249369;249806;249343;260312;249279
37,Jxv,The Six Army,熊猫酒仙,CN,157722.83842159,290.0,569.711,988,625,1371,16,CLfgQ2NkPGvxWnmB,28,178,0,False,,,1,belt,"Farstrider's Trophy Belt (244581, 285)",True,63,32,53,3,neck;belt;ring1,"Masterwork Sin'dorei Amulet (240950, 272);Farstrider's Trophy Belt (244581, 285);Masterwork Sin'dorei Band (240949, 285)",2,"Farstrider's Trophy Belt (244581, 285);Masterwork Sin'dorei Band (240949, 285)",4,head;chest;legs;hands,True,False,"Primal Sentry's Scaleplate (249991, 289)","Nullwalker's Dread Epaulettes (249318, 289)","Farstrider's Trophy Belt (244581, 285)","Primal Sentry's Swiftsteps (249990, 289)","Fallen King's Cuffs (249304, 289)","Rigid Scale Greatcloak (258575, 289)","Masterwork Sin'dorei Band (240949, 285)","Eye of Midnight (249920, 289)",arcanoweave_1x_or_mixed,249988;240950;249318;249991;244581;249987;249990;249304;249989;240949;249920;249806;249343;258575;249279
39,性感小光头,,凤凰之神,CN,157579.4309088,291.0,589.185,967,567,1424,0,BF7MnCzrky3h4bP6,85,1142,0,False,,,1,wrist,"Farstrider's Plated Bracers (244584, 285)",True,78,37,46,2,neck;wrist,"Masterwork Sin'dorei Amulet (240950, 285);Farstrider's Plated Bracers (244584, 285)",2,"Farstrider's Plated Bracers (244584, 285);Loa Worshiper's Band (251513, 285)",4,head;chest;legs;hands,True,False,"Primal Sentry's Scaleplate (249991, 289)","Pauldrons of the Void Hunter (151323, 289)","Scornbane Waistguard (249371, 289)","Grudgefiend Stompers (268287, 298)","Farstrider's Plated Bracers (244584, 285)","Draconic Nullcape (249370, 289)","Platinum Star Band (193708, 289)","Loa Worshiper's Band (251513, 285)",arcanoweave_1x_or_mixed,249988;240950;151323;268274;249991;249371;249987;268287;244584;249989;193708;251513;249806;249343;249370;249279
40,反诈,The Six Army,熊猫酒仙,CN,157532.56058072,290.0,562.06,1121,427,1355,16,fkWBpAhd3FCDr4Z7,18,12,0,False,,,2,belt;wrist,"Farstrider's Trophy Belt (244581, 285);Farstrider's Plated Bracers (244584, 285)",True,71,35,39,2,belt;wrist,"Farstrider's Trophy Belt (244581, 285);Farstrider's Plated Bracers (244584, 285)",2,"Farstrider's Trophy Belt (244581, 285);Farstrider's Plated Bracers (244584, 285)",4,head;chest;legs;hands,True,False,"Primal Sentry's Scaleplate (249991, 289)","Nullwalker's Dread Epaulettes (249318, 289)","Farstrider's Trophy Belt (244581, 285)","Primal Sentry's Swiftsteps (249990, 289)","Farstrider's Plated Bracers (244584, 285)","Draconic Nullcape (249370, 289)","Sin'dorei Band of Hope (249919, 289)","Platinum Star Band (193708, 289)",arcanoweave_2x,249988;250247;249318;249991;244581;249987;249990;244584;249989;249919;193708;249344;249806;249370;249279
41,Jxk,The Six Army,熊猫酒仙,CN,157454.10065279,291.0,561.435,759,791,1138,72,vYDfGJCVp81hmW26,15,4,0,False,,,1,wrist,"Farstrider's Plated Bracers (244584, 285)",True,58,29,37,2,wrist;ring2,"Farstrider's Plated Bracers (244584, 285);Masterwork Sin'dorei Band (240949, 285)",2,"Farstrider's Plated Bracers (244584, 285);Masterwork Sin'dorei Band (240949, 285)",4,head;chest;legs;hands,True,False,"Primal Sentry's Scaleplate (249991, 289)","Nullwalker's Dread Epaulettes (249318, 289)","Scornbane Waistguard (249371, 289)","Primal Sentry's Swiftsteps (249990, 289)","Farstrider's Plated Bracers (244584, 285)","Potion-Stained Cloak (193712, 289)","Eye of Midnight (249920, 289)","Masterwork Sin'dorei Band (240949, 285)",arcanoweave_1x_or_mixed,249988;250247;249318;249991;249371;249987;249990;244584;249989;249920;240949;193701;249343;193712;249279
42,马里浪我火雷,,血色十字军,CN,157450.25468539,291.0,557.158,986,405,1275,52,hWfYP8vcDVTrAz3X,172,1607,2,True,belt;boots,"World Tender's Barkclasp (244611, 285);World Tender's Rootslippers (244610, 285)",0,,,False,0,0,29,0,,,2,"World Tender's Barkclasp (244611, 285);World Tender's Rootslippers (244610, 285)",4,head;chest;legs;hands,True,False,"Primal Sentry's Scaleplate (249991, 289)","Nullwalker's Dread Epaulettes (249318, 289)","World Tender's Barkclasp (244611, 285)","World Tender's Rootslippers (244610, 285)","Fallen King's Cuffs (249304, 289)","Draconic Nullcape (249370, 289)","Bond of Light (249369, 289)","Sin'dorei Band of Hope (249919, 289)",world_tender_2p,249988;268291;249318;268274;249991;244611;249987;244610;249304;249989;249369;249919;249343;193701;249370;249288;233290
45,Chazh,Honestly,Frostmourne,US,157055.78965306,290.0,516.404,1093,392,1154,100,1GcnD9Xkryx4TPK3,38,72,2,True,belt;boots,"World Tender's Barkclasp (244611, 285);World Tender's Rootslippers (244610, 285)",0,,,False,0,0,25,1,ring2,"Masterwork Sin'dorei Band (240949, 285)",2,"World Tender's Barkclasp (244611, 285);World Tender's Rootslippers (244610, 285)",4,head;chest;legs;hands,True,False,"Primal Sentry's Scaleplate (249991, 289)","Primal Spark Pauldrons (260374, 289)","World Tender's Barkclasp (244611, 285)","World Tender's Rootslippers (244610, 285)","Fallen King's Cuffs (249304, 289)","Imperator's Banner (249335, 289)","Platinum Star Band (193708, 289)","Masterwork Sin'dorei Band (240949, 285)",world_tender_2p,249988;250247;260374;268274;249991;244611;249987;244610;249304;249989;193708;240949;193701;249343;249335;249288
46,猎人十号机,,冰风岗,CN,156903.51653068,291.0,573.207,839,715,1126,0,8pWDdGXgFvx2BKAT,19,17,0,False,,,0,,,False,0,0,26,1,shoulder,"Farstrider's Brilliant Plumes (244580, 285)",2,"Farstrider's Brilliant Plumes (244580, 285);Loa Worshiper's Band (251513, 285)",4,head;chest;legs;hands,True,False,"Primal Sentry's Scaleplate (249991, 289)","Farstrider's Brilliant Plumes (244580, 285)","Primal Sentry's Cinch (249985, 289)","Primal Sentry's Swiftsteps (249990, 289)","Amberfrond Bracers (251079, 289)","Draconic Nullcape (249370, 289)","Loa Worshiper's Band (251513, 285)","Sporecaller's Blooming Loop (268290, 298)",other_or_unclassified,249988;250247;244580;249991;249985;249987;249990;251079;249989;251513;268290;193701;249343;249370;249279
47,蓝精灵拾柒,,凤凰之神,CN,156862.02967251,291.0,570.427,855,775,1381,0,2KPnXNY4yRqgQ6vw,70,453,0,False,,,2,belt;back,"Farstrider's Trophy Belt (244581, 285);Adherent's Silken Shroud (239656, 285)",True,58,30,68,0,,,2,"Farstrider's Trophy Belt (244581, 285);Adherent's Silken Shroud (239656, 285)",4,head;chest;legs;hands,True,False,"Primal Sentry's Scaleplate (249991, 289)","Nullwalker's Dread Epaulettes (249318, 289)","Farstrider's Trophy Belt (244581, 285)","Primal Sentry's Swiftsteps (249990, 289)","Fallen King's Cuffs (249304, 289)","Adherent's Silken Shroud (239656, 285)","Sin'dorei Band of Hope (249919, 289)","Masterwork Sin'dorei Band (240949, 285)",arcanoweave_2x,249988;268291;249318;249991;244581;249987;249990;249304;249989;249919;240949;249806;249343;239656;249279
48,Johnwickc,,아즈샤라,KR,156714.6734877,291.0,523.87,835,626,1195,88,Q9NkZAdtqwKnJpvW,85,1245,2,True,belt;boots,"World Tender's Barkclasp (244611, 285);World Tender's Rootslippers (244610, 285)",0,,,False,0,0,33,0,,,2,"World Tender's Barkclasp (244611, 285);World Tender's Rootslippers (244610, 285)",4,head;chest;legs;hands,True,False,"Primal Sentry's Scaleplate (249991, 289)","Nullwalker's Dread Epaulettes (249318, 289)","World Tender's Barkclasp (244611, 285)","World Tender's Rootslippers (244610, 285)","Fallen King's Cuffs (249304, 289)","Fluxweave Cloak (251206, 289)","Omission of Light (251093, 289)","Occlusion of Void (251217, 289)",world_tender_2p,249988;268291;249318;268274;249991;244611;249987;244610;249304;249989;251093;251217;193701;249343;251206;249279;35279
49,Rubble,,鬼雾峰,CN,156710.42582462,290.0,550.978,792,537,1301,84,hVBJTtFcx7q2ZzyM,10,295,2,True,belt;boots,"World Tender's Barkclasp (244611, 285);World Tender's Rootslippers (244610, 285)",0,,,False,0,0,19,0,,,2,"World Tender's Barkclasp (244611, 285);World Tender's Rootslippers (244610, 285)",4,head;chest;legs;hands,True,False,"Primal Sentry's Scaleplate (249991, 289)","Nullwalker's Dread Epaulettes (249318, 289)","World Tender's Barkclasp (244611, 285)","World Tender's Rootslippers (244610, 285)","Fallen King's Cuffs (249304, 289)","Imperator's Banner (249335, 289)","Bond of Light (249369, 289)","Platinum Star Band (193708, 289)",world_tender_2p,249988;250247;249318;98080;249991;244611;249987;244610;249304;249989;249369;193708;193701;249343;249335;249279
50,兽亡境,iuiuiuiui,鬼雾峰,CN,156633.45818553,290.0,574.813,831,644,1557,0,xWYabdvVKqRT8C3Q,68,981,0,False,,,2,boots;back,"Farstrider's Razor Talons (244577, 285);Adherent's Silken Shroud (239656, 285)",True,62,31,49,2,boots;back,"Farstrider's Razor Talons (244577, 285);Adherent's Silken Shroud (239656, 285)",2,"Farstrider's Razor Talons (244577, 285);Adherent's Silken Shroud (239656, 285)",4,head;chest;legs;hands,True,False,"Primal Sentry's Scaleplate (249991, 289)","Nullwalker's Dread Epaulettes (249318, 289)","Raging Storm Sash (260375, 289)","Farstrider's Razor Talons (244577, 285)","Amberfrond Bracers (251079, 289)","Adherent's Silken Shroud (239656, 285)","Omission of Light (251093, 289)","Occlusion of Void (251217, 289)",arcanoweave_2x,249988;250247;249318;52019;249991;260375;249987;244577;251079;249989;251093;251217;249343;249806;239656;49813
51,Jxm,The Six Army,熊猫酒仙,CN,156617.80535591,290.0,565.021,1090,714,1206,16,K2cB9MW6Jp3LyVzh,50,304,0,False,,,1,belt,"Farstrider's Trophy Belt (244581, 285)",True,53,26,35,2,belt;ring2,"Farstrider's Trophy Belt (244581, 285);Masterwork Sin'dorei Band (240949, 285)",2,"Farstrider's Trophy Belt (244581, 285);Masterwork Sin'dorei Band (240949, 285)",4,head;chest;legs;hands,True,False,"Primal Sentry's Scaleplate (249991, 289)","Nullwalker's Dread Epaulettes (249318, 289)","Farstrider's Trophy Belt (244581, 285)","Primal Sentry's Swiftsteps (249990, 289)","Fallen King's Cuffs (249304, 289)","Draconic Nullcape (249370, 289)","Eye of Midnight (249920, 289)","Masterwork Sin'dorei Band (240949, 285)",arcanoweave_1x_or_mixed,249988;250247;249318;249991;244581;249987;249990;249304;249989;249920;240949;249343;260235;249370;249279
52,湘水茫茫,,燃烧之刃,CN,156569.65325501,290.0,560.383,656,731,1628,0,CK2NR3DraAZmy4px,84,658,0,False,,,2,belt;back,"Farstrider's Trophy Belt (244581, 285);Adherent's Silken Shroud (239656, 285)",True,72,33,66,2,belt;back,"Farstrider's Trophy Belt (244581, 285);Adherent's Silken Shroud (239656, 285)",2,"Farstrider's Trophy Belt (244581, 285);Adherent's Silken Shroud (239656, 285)",3,head;chest;legs,True,False,"Primal Sentry's Scaleplate (249991, 289)","Scaled Commencement Spaulders (193704, 289)","Farstrider's Trophy Belt (244581, 285)","Primal Sentry's Swiftsteps (249990, 289)","Fallen King's Cuffs (249304, 289)","Adherent's Silken Shroud (239656, 285)","Bond of Light (249369, 289)","Masterwork Sin'dorei Band (240949, 285)",arcanoweave_2x,249988;250247;193704;268274;249991;244581;249987;249990;249304;249325;249369;240949;249806;249343;239656;249279
53,蓝精灵拾贰,,凤凰之神,CN,156537.13858774,291.0,571.508,398,1139,1431,41,fGtNrVp8PFkRw7Wx,65,724,0,False,,,2,boots;wrist,"Farstrider's Razor Talons (244577, 285);Farstrider's Plated Bracers (244584, 285)",True,69,37,61,1,boots,"Farstrider's Razor Talons (244577, 285)",2,"Farstrider's Razor Talons (244577, 285);Farstrider's Plated Bracers (244584, 285)",5,head;shoulder;chest;legs;hands,True,True,"Primal Sentry's Scaleplate (249991, 289)","Primal Sentry's Trophies (249986, 289)","Scornbane Waistguard (249371, 289)","Farstrider's Razor Talons (244577, 285)","Farstrider's Plated Bracers (244584, 285)","Draconic Nullcape (249370, 289)","Bond of Light (249369, 289)","Sporecaller's Blooming Loop (268290, 298)",arcanoweave_2x,249988;250247;249986;249991;249371;249987;244577;244584;249989;249369;268290;249343;249806;249370;249279
54,Johnnwick,,아즈샤라,KR,156520.3143521,291.0,528.961,627,1058,967,84,RFj9fqWdHvbYcJ24,54,602,2,True,belt;boots,"World Tender's Barkclasp (244611, 285);World Tender's Rootslippers (244610, 285)",0,,,False,0,0,14,0,,,2,"World Tender's Barkclasp (244611, 285);World Tender's Rootslippers (244610, 285)",4,head;chest;legs;hands,True,False,"Primal Sentry's Scaleplate (249991, 289)","Nullwalker's Dread Epaulettes (249318, 289)","World Tender's Barkclasp (244611, 285)","World Tender's Rootslippers (244610, 285)","Fallen King's Cuffs (249304, 289)","Imperator's Banner (249335, 289)","Sporecaller's Blooming Loop (268290, 298)","Omission of Light (251093, 289)",world_tender_2p,249988;249368;249318;249991;244611;249987;244610;249304;249989;268290;251093;193701;249343;249335;249279
55,蓝精灵拾玖,,凤凰之神,CN,156519.9356363,289.0,578.587,452,1101,1488,0,2KPnXNY4yRqgQ6vw,101,733,0,False,,,2,shoulder;back,"Farstrider's Brilliant Plumes (244580, 285);Adherent's Silken Shroud (239656, 285)",True,58,29,73,0,,,2,"Farstrider's Brilliant Plumes (244580, 285);Adherent's Silken Shroud (239656, 285)",4,head;chest;legs;hands,True,False,"Primal Sentry's Scaleplate (249991, 289)","Farstrider's Brilliant Plumes (244580, 285)","Scornbane Waistguard (249371, 289)","Primal Sentry's Swiftsteps (249990, 289)","Fallen King's Cuffs (249304, 289)","Adherent's Silken Shroud (239656, 285)","Sporecaller's Blooming Loop (268290, 298)","Bond of Light (249369, 289)",arcanoweave_2x,249988;250247;244580;268274;249991;249371;249987;249990;249304;249989;268290;249369;249806;249343;239656;249279
56,泡菜苕粉肉丝,,凤凰之神,CN,156516.40727481,290.0,580.139,1013,573,1314,84,BF7MnCzrky3h4bP6,13,3,2,True,belt;boots,"World Tender's Barkclasp (244611, 285);World Tender's Rootslippers (244610, 285)",0,,,False,0,0,17,1,neck,"Masterwork Sin'dorei Amulet (240950, 285)",2,"World Tender's Barkclasp (244611, 285);World Tender's Rootslippers (244610, 285)",4,head;chest;legs;hands,True,False,"Primal Sentry's Scaleplate (249991, 289)","Nullwalker's Dread Epaulettes (249318, 289)","World Tender's Barkclasp (244611, 285)","World Tender's Rootslippers (244610, 285)","Fallen King's Cuffs (249304, 289)","Imperator's Banner (249335, 289)","Bond of Light (249369, 289)","Sin'dorei Band of Hope (249919, 289)",world_tender_2p,249988;240950;249318;268274;249991;244611;249987;244610;249304;249989;249369;249919;249343;249806;249335;251174
57,Domidon,Exposed,Kazzak,EU,156319.18926322,291.0,547.65,899,685,978,165,kVrbdq6AxvFWZHwJ,6,15,2,True,belt;boots,"World Tender's Barkclasp (244611, 285);World Tender's Rootslippers (244610, 285)",0,,,False,0,0,30,0,,,2,"World Tender's Barkclasp (244611, 285);World Tender's Rootslippers (244610, 285)",4,head;chest;legs;hands,True,False,"Primal Sentry's Scaleplate (249991, 289)","Primal Spark Pauldrons (260374, 289)","World Tender's Barkclasp (244611, 285)","World Tender's Rootslippers (244610, 285)","Fallen King's Cuffs (249304, 289)","Imperator's Banner (249335, 289)","Bond of Light (249369, 289)","Signet of the Starved Beast (249336, 289)",world_tender_2p,249988;249368;260374;249991;244611;249987;244610;249304;249989;249369;249336;193701;249343;249335;249279
58,二十六猎,,格瑞姆巴托,CN,156289.2080752,290.0,580.295,713,627,1399,0,BF7MnCzrky3h4bP6,60,743,0,False,,,1,wrist,"Farstrider's Plated Bracers (244584, 285)",True,64,30,40,0,,,2,"Farstrider's Plated Bracers (244584, 285);Loa Worshiper's Band (251513, 285)",4,head;chest;legs;hands,True,False,"Primal Sentry's Scaleplate (249991, 289)","Nullwalker's Dread Epaulettes (249318, 289)","Scornbane Waistguard (249371, 289)","Primal Sentry's Swiftsteps (249990, 289)","Farstrider's Plated Bracers (244584, 285)","Draconic Nullcape (249370, 289)","Bond of Light (249369, 289)","Loa Worshiper's Band (251513, 285)",arcanoweave_1x_or_mixed,249988;250247;249318;268274;249991;249371;249987;249990;244584;249989;249369;251513;249344;249343;249370;249279
59,Kimtaewoo,Mate,아즈샤라,KR,156183.15767634,290.0,549.461,666,779,1286,0,AY384RrLxMXzPKBF,38,33,0,False,,,2,wrist;back,"Farstrider's Plated Bracers (244584, 285);Adherent's Silken Shroud (239656, 285)",True,52,28,44,2,wrist;back,"Farstrider's Plated Bracers (244584, 285);Adherent's Silken Shroud (239656, 285)",2,"Farstrider's Plated Bracers (244584, 285);Adherent's Silken Shroud (239656, 285)",4,head;chest;legs;hands,True,False,"Primal Sentry's Scaleplate (249991, 289)","Scaled Commencement Spaulders (193704, 289)","Primal Sentry's Cinch (249985, 289)","Primal Sentry's Swiftsteps (249990, 289)","Farstrider's Plated Bracers (244584, 285)","Adherent's Silken Shroud (239656, 285)","Bond of Light (249369, 289)","Eye of Midnight (249920, 289)",arcanoweave_2x,249988;250247;193704;89195;249991;249985;249987;249990;244584;249989;249369;249920;249343;193701;239656;249279;69210
60,Banapresso,VA,아즈샤라,KR,156150.31802989,290.0,536.742,769,541,1296,108,vzCgZDt6m3XnKNTM,51,133,2,True,belt;boots,"World Tender's Barkclasp (244611, 285);World Tender's Rootslippers (244610, 285)",0,,,False,0,0,28,0,,,2,"World Tender's Barkclasp (244611, 285);World Tender's Rootslippers (244610, 285)",4,head;chest;legs;hands,True,False,"Primal Sentry's Scaleplate (249991, 289)","Nullwalker's Dread Epaulettes (249318, 289)","World Tender's Barkclasp (244611, 285)","World Tender's Rootslippers (244610, 285)","Fallen King's Cuffs (249304, 289)","Potion-Stained Cloak (193712, 289)","Platinum Star Band (193708, 289)","Bond of Light (249369, 289)",world_tender_2p,249988;250247;249318;167179;249991;244611;249987;244610;249304;249989;193708;249369;193701;249343;193712;249279;5976
62,向南枝,,血色十字军,CN,156040.57241026,289.0,555.895,862,759,1355,32,dHtMF9R3fZvmYVkG,83,1042,0,False,,,2,belt;boots,"Farstrider's Trophy Belt (244581, 285);Farstrider's Razor Talons (244577, 285)",True,51,24,66,2,belt;boots,"Farstrider's Trophy Belt (244581, 285);Farstrider's Razor Talons (244577, 285)",2,"Farstrider's Trophy Belt (244581, 285);Farstrider's Razor Talons (244577, 285)",4,head;chest;legs;hands,True,False,"Primal Sentry's Scaleplate (249991, 289)","Scaled Commencement Spaulders (193704, 289)","Farstrider's Trophy Belt (244581, 285)","Farstrider's Razor Talons (244577, 285)","Fallen King's Cuffs (249304, 289)","Imperator's Banner (249335, 289)","Eye of Midnight (249920, 289)","Bond of Light (249369, 276)",arcanoweave_2x,249988;249337;193704;249991;244581;249987;244577;249304;249989;249920;249369;249806;249343;249335;249279
63,绝三十四,,丽丽（四川）,CN,155997.90126773,289.0,577.015,921,972,1094,16,dKkcq8DYpf9F6AbV,118,973,0,False,,,2,wrist;back,"Farstrider's Plated Bracers (244584, 285);Adherent's Silken Shroud (239656, 285)",True,66,31,58,2,wrist;back,"Farstrider's Plated Bracers (244584, 285);Adherent's Silken Shroud (239656, 285)",2,"Farstrider's Plated Bracers (244584, 285);Adherent's Silken Shroud (239656, 285)",4,head;chest;legs;hands,True,False,"Primal Sentry's Scaleplate (249991, 289)","Pauldrons of the Void Hunter (151323, 289)","Primal Sentry's Cinch (249985, 289)","Darkstrider Treads (249377, 289)","Farstrider's Plated Bracers (244584, 285)","Adherent's Silken Shroud (239656, 285)","Sin'dorei Band of Hope (249919, 289)","Eye of Midnight (249920, 289)",arcanoweave_2x,249988;250247;151323;249991;249985;249987;249377;244584;249989;249919;249920;249343;249806;239656;249279
64,蓝精灵贰肆,,影之哀伤,CN,155984.04114291,291.0,569.527,818,903,1317,42,Lf1NwZmX836pBAtv,61,699,0,False,,,2,head;wrist,"Farstrider's Unwavering Visage (244579, 285);Farstrider's Plated Bracers (244584, 285)",True,71,34,58,1,wrist,"Farstrider's Plated Bracers (244584, 285)",2,"Farstrider's Unwavering Visage (244579, 285);Farstrider's Plated Bracers (244584, 285)",4,shoulder;chest;legs;hands,True,True,"Primal Sentry's Scaleplate (249991, 289)","Primal Sentry's Trophies (249986, 289)","Scornbane Waistguard (249371, 289)","Darkstrider Treads (249377, 289)","Farstrider's Plated Bracers (244584, 285)","Draconic Nullcape (249370, 289)","Purloined Wedding Ring (49812, 289)","Sin'dorei Band of Hope (249919, 289)",arcanoweave_2x,244579;240950;249986;249991;249371;249987;249377;244584;249989;49812;249919;249343;249806;249370;49813
66,苏灬城,,伊森利恩,CN,155900.23309695,290.0,568.004,743,794,1153,0,trBHWP2cZA9GLDK6,27,170,0,False,,,1,belt,"Farstrider's Trophy Belt (244581, 285)",True,58,30,54,1,belt,"Farstrider's Trophy Belt (244581, 285)",2,"Farstrider's Trophy Belt (244581, 285);Loa Worshiper's Band (251513, 285)",4,head;chest;legs;hands,True,False,"Primal Sentry's Scaleplate (249991, 289)","Scaled Commencement Spaulders (193704, 289)","Farstrider's Trophy Belt (244581, 285)","Primal Sentry's Swiftsteps (249990, 289)","Fallen King's Cuffs (249304, 289)","Draconic Nullcape (249370, 289)","Loa Worshiper's Band (251513, 285)","Eye of Midnight (249920, 289)",arcanoweave_1x_or_mixed,249988;250247;193704;249991;244581;249987;249990;249304;249989;251513;249920;249343;193701;249370;249279
67,Багманчик,У беляша,Ревущий фьорд,EU,155886.51307204,290.0,517.249,884,572,1458,75,JQmxgzZ2379BwMH1,49,265,2,True,belt;boots,"World Tender's Barkclasp (244611, 285);World Tender's Rootslippers (244610, 285)",0,,,False,0,0,4,0,,,2,"World Tender's Barkclasp (244611, 285);World Tender's Rootslippers (244610, 285)",4,head;chest;legs;hands,True,False,"Primal Sentry's Scaleplate (249991, 289)","Nullwalker's Dread Epaulettes (249318, 289)","World Tender's Barkclasp (244611, 285)","World Tender's Rootslippers (244610, 285)","Fallen King's Cuffs (249304, 289)","Draconic Nullcape (249370, 289)","Bond of Light (249369, 289)","Occlusion of Void (251217, 289)",world_tender_2p,249988;250247;249318;249991;244611;249987;244610;249304;249989;249369;251217;249806;249343;249370;251095
68,抹茶毛巾卷,,格瑞姆巴托,CN,155880.06774215,290.0,551.503,1225,686,765,0,nBPm42r1YkRKhyqW,46,506,0,False,,,0,,,False,0,0,26,1,wrist,"Farstrider's Plated Bracers (244584, 285)",2,"Farstrider's Plated Bracers (244584, 285);Loa Worshiper's Band (251513, 285)",4,head;chest;legs;hands,True,False,"Primal Sentry's Scaleplate (249991, 289)","Scaled Commencement Spaulders (193704, 289)","Primal Sentry's Cinch (249985, 289)","Primal Sentry's Swiftsteps (249990, 289)","Farstrider's Plated Bracers (244584, 285)","Rigid Scale Greatcloak (258575, 289)","Occlusion of Void (251217, 289)","Loa Worshiper's Band (251513, 285)",other_or_unclassified,249988;240950;193704;98092;249991;249985;249987;249990;244584;249989;251217;251513;249343;193701;258575;251095;198730
69,归路晚风清,,白银之手,CN,155868.18005328,289.0,553.725,723,597,1647,0,CK2NR3DraAZmy4px,131,1043,0,False,,,2,wrist;back,"Farstrider's Plated Bracers (244584, 285);Adherent's Silken Shroud (239656, 285)",True,67,31,38,2,wrist;back,"Farstrider's Plated Bracers (244584, 285);Adherent's Silken Shroud (239656, 285)",2,"Farstrider's Plated Bracers (244584, 285);Adherent's Silken Shroud (239656, 285)",4,head;chest;legs;hands,True,False,"Primal Sentry's Scaleplate (249991, 289)","Nullwalker's Dread Epaulettes (249318, 289)","Scornbane Waistguard (249371, 289)","Primal Sentry's Swiftsteps (249990, 289)","Farstrider's Plated Bracers (244584, 285)","Adherent's Silken Shroud (239656, 285)","Vibrant Wilderloop (249620, 276)","Masterwork Sin'dorei Band (240949, 285)",arcanoweave_2x,249988;250247;249318;249991;249371;249987;249990;244584;249989;249620;240949;249806;249343;239656;249279
70,Snipedaf,Midnights,Illidan,US,155825.06052923,291.0,524.953,754,746,1261,0,Kbmkx2AnWZh7j4VY,7,9,0,False,,,2,wrist;back,"Farstrider's Plated Bracers (244584, 285);Adherent's Silken Shroud (239656, 285)",True,63,33,64,2,wrist;back,"Farstrider's Plated Bracers (244584, 285);Adherent's Silken Shroud (239656, 285)",2,"Farstrider's Plated Bracers (244584, 285);Adherent's Silken Shroud (239656, 285)",4,head;chest;legs;hands,True,False,"Primal Sentry's Scaleplate (249991, 289)","Nullwalker's Dread Epaulettes (249318, 289)","Primal Sentry's Cinch (249985, 289)","Grudgefiend Stompers (268287, 298)","Farstrider's Plated Bracers (244584, 285)","Adherent's Silken Shroud (239656, 285)","Eye of Midnight (249920, 289)","Bond of Light (249369, 289)",arcanoweave_2x,249988;268291;249318;268274;249991;249985;249987;268287;244584;249989;249920;249369;193701;249343;239656;249279;45574
71,Sparklen,Exposed,Drak'thul,EU,155779.36820962,291.0,547.65,958,729,1031,16,kVrbdq6AxvFWZHwJ,6,200,0,False,,,2,wrist;back,"Farstrider's Plated Bracers (244584, 285);Adherent's Silken Shroud (239656, 285)",True,51,27,52,2,wrist;back,"Farstrider's Plated Bracers (244584, 285);Adherent's Silken Shroud (239656, 285)",2,"Farstrider's Plated Bracers (244584, 285);Adherent's Silken Shroud (239656, 285)",4,head;chest;legs;hands,True,False,"Primal Sentry's Scaleplate (249991, 289)","Nullwalker's Dread Epaulettes (249318, 289)","Scornbane Waistguard (249371, 289)","Grudgefiend Stompers (268287, 298)","Farstrider's Plated Bracers (244584, 285)","Adherent's Silken Shroud (239656, 285)","Sin'dorei Band of Hope (249919, 289)","Eye of Midnight (249920, 289)",arcanoweave_2x,249988;250247;249318;52019;249991;249371;249987;268287;244584;249989;249919;249920;193701;249343;239656;249288
73,恒河沙,,凤凰之神,CN,155638.3899203,289.0,577.636,1012,601,1311,32,c4pmPBXD7ANKHdvW,28,503,0,False,,,1,wrist,"Farstrider's Plated Bracers (244584, 285)",True,57,32,38,2,neck;wrist,"Masterwork Sin'dorei Amulet (240950, 285);Farstrider's Plated Bracers (244584, 285)",2,"Farstrider's Plated Bracers (244584, 285);Loa Worshiper's Band (251513, 285)",4,head;chest;legs;hands,True,False,"Primal Sentry's Scaleplate (249991, 289)","Nullwalker's Dread Epaulettes (249318, 289)","Scornbane Waistguard (249371, 289)","Primal Sentry's Swiftsteps (249990, 289)","Farstrider's Plated Bracers (244584, 285)","Imperator's Banner (249335, 289)","Loa Worshiper's Band (251513, 285)","Bond of Light (249369, 289)",arcanoweave_1x_or_mixed,249988;240950;249318;268274;249991;249371;249987;249990;244584;249989;251513;249369;249806;249343;249335;49813
74,用素描画的钟,iuiuiuiui,凤凰之神,CN,155597.51629169,290.0,564.398,573,898,1541,32,ByPWVHNCbwLktxza,17,7,0,False,,,2,boots;wrist,"Farstrider's Razor Talons (244577, 285);Farstrider's Plated Bracers (244584, 285)",True,73,34,46,0,,,2,"Farstrider's Razor Talons (244577, 285);Farstrider's Plated Bracers (244584, 285)",4,head;chest;legs;hands,True,False,"Primal Sentry's Scaleplate (249991, 289)","Nullwalker's Dread Epaulettes (249318, 289)","Primal Sentry's Cinch (249985, 289)","Farstrider's Razor Talons (244577, 285)","Farstrider's Plated Bracers (244584, 285)","Imperator's Banner (249335, 289)","Bond of Light (249369, 289)","Eye of Midnight (249920, 289)",arcanoweave_2x,249988;250247;249318;249991;249985;249987;244577;244584;249989;249369;249920;249343;249806;249335;249279
75,歪逼芭啵,,凤凰之神,CN,155541.60597372,291.0,586.971,961,690,1405,0,MGPqyWdY8tzZmpKR,479,5595,0,False,,,2,boots;wrist,"Farstrider's Razor Talons (244577, 285);Farstrider's Plated Bracers (244584, 285)",True,76,42,60,2,boots;wrist,"Farstrider's Razor Talons (244577, 285);Farstrider's Plated Bracers (244584, 285)",2,"Farstrider's Razor Talons (244577, 285);Farstrider's Plated Bracers (244584, 285)",4,head;chest;legs;hands,True,False,"Primal Sentry's Scaleplate (249991, 289)","Nullwalker's Dread Epaulettes (249318, 289)","Primal Sentry's Cinch (249985, 289)","Farstrider's Razor Talons (244577, 285)","Farstrider's Plated Bracers (244584, 285)","Rigid Scale Greatcloak (258575, 289)","Sin'dorei Band of Hope (249919, 289)","Sporecaller's Blooming Loop (268290, 298)",arcanoweave_2x,249988;250247;249318;249991;249985;249987;244577;244584;249989;249919;268290;249343;249806;258575;249279
76,浪里马性呢,,血色十字军,CN,155477.76449952,291.0,558.139,1348,384,987,0,64DCpP9c8KJRqmGT,84,1083,0,False,,,2,belt;back,"Farstrider's Trophy Belt (244581, 285);Adherent's Silken Shroud (239656, 285)",True,60,28,51,2,belt;back,"Farstrider's Trophy Belt (244581, 285);Adherent's Silken Shroud (239656, 285)",2,"Farstrider's Trophy Belt (244581, 285);Adherent's Silken Shroud (239656, 285)",4,head;chest;legs;hands,True,False,"Primal Sentry's Scaleplate (249991, 289)","Scaled Commencement Spaulders (193704, 289)","Farstrider's Trophy Belt (244581, 285)","Primal Sentry's Swiftsteps (249990, 289)","Fallen King's Cuffs (249304, 289)","Adherent's Silken Shroud (239656, 285)","Sin'dorei Band of Hope (249919, 289)","Platinum Star Band (193708, 289)",arcanoweave_2x,249988;249337;193704;268274;249991;244581;249987;249990;249304;249989;249919;193708;249343;193701;239656;249279;233290
77,Person,,国王之谷,CN,155412.28235425,290.0,573.294,820,852,1037,16,VvQbDdMzq4Lckjag,13,23,0,False,,,2,belt;boots,"Farstrider's Trophy Belt (244581, 285);Farstrider's Razor Talons (244577, 285)",True,79,39,47,3,belt;boots;ring2,"Farstrider's Trophy Belt (244581, 285);Farstrider's Razor Talons (244577, 285);Masterwork Sin'dorei Band (240949, 285)",2,"Farstrider's Trophy Belt (244581, 285);Farstrider's Razor Talons (244577, 285)",4,head;chest;legs;hands,True,False,"Primal Sentry's Scaleplate (249991, 289)","Nullwalker's Dread Epaulettes (249318, 289)","Farstrider's Trophy Belt (244581, 285)","Farstrider's Razor Talons (244577, 285)","Fallen King's Cuffs (249304, 289)","Draconic Nullcape (249370, 289)","Eye of Midnight (249920, 289)","Masterwork Sin'dorei Band (240949, 285)",arcanoweave_2x,249988;268291;249318;249991;244581;249987;244577;249304;249989;249920;240949;249343;193701;249370;249279
79,小南一号,,安苏,CN,155349.55480142,289.0,551.327,698,716,1606,0,dHtMF9R3fZvmYVkG,47,64,0,False,,,2,belt;back,"Farstrider's Trophy Belt (244581, 285);Adherent's Silken Shroud (239656, 285)",True,69,32,68,2,belt;back,"Farstrider's Trophy Belt (244581, 285);Adherent's Silken Shroud (239656, 285)",2,"Farstrider's Trophy Belt (244581, 285);Adherent's Silken Shroud (239656, 285)",4,head;chest;legs;hands,True,False,"Primal Sentry's Scaleplate (249991, 289)","Spaulders of Arrow's Flight (251097, 289)","Farstrider's Trophy Belt (244581, 285)","Darkstrider Treads (249377, 289)","Amberfrond Bracers (251079, 289)","Adherent's Silken Shroud (239656, 285)","Bond of Light (249369, 282)","Eye of Midnight (249920, 289)",arcanoweave_2x,249988;268291;251097;268274;249991;244581;249987;249377;251079;249989;249369;249920;249806;249343;239656;249279
80,各自有路走,iuiuiuiui,凤凰之神,CN,155317.94885963,290.0,579.112,672,820,1474,58,NQb1H4dTmJ892vDc,10,28,0,False,,,2,boots;wrist,"Farstrider's Razor Talons (244577, 285);Farstrider's Plated Bracers (244584, 285)",True,76,35,72,0,,,2,"Farstrider's Razor Talons (244577, 285);Farstrider's Plated Bracers (244584, 285)",4,head;chest;legs;hands,True,False,"Primal Sentry's Scaleplate (249991, 289)","Nullwalker's Dread Epaulettes (249318, 289)","Primal Sentry's Cinch (249985, 289)","Farstrider's Razor Talons (244577, 285)","Farstrider's Plated Bracers (244584, 285)","Shroud of the Soulhunter (251161, 289)","Bond of Light (249369, 289)","Eye of Midnight (249920, 289)",arcanoweave_2x,249988;250247;249318;249991;249985;249987;244577;244584;249989;249369;249920;249343;249806;251161;249288
81,Limhynt,Unwealthy Homeless Men,Twisting Nether,EU,155302.96369631,290.0,550.495,764,740,1122,266,3Kn7FR1qzJYg6VdA,7,13,2,True,belt;boots,"World Tender's Barkclasp (244611, 285);World Tender's Rootslippers (244610, 285)",0,,,False,0,0,7,0,,,2,"World Tender's Barkclasp (244611, 285);World Tender's Rootslippers (244610, 285)",4,head;chest;legs;hands,True,False,"Primal Sentry's Scaleplate (249991, 289)","Scaled Commencement Spaulders (193704, 289)","World Tender's Barkclasp (244611, 285)","World Tender's Rootslippers (244610, 285)","Amberfrond Bracers (251079, 289)","Potion-Stained Cloak (193712, 289)","Eye of Midnight (249920, 289)","Platinum Star Band (193708, 289)",world_tender_2p,249988;250247;193704;249991;244611;249987;244610;251079;249989;249920;193708;193701;249343;193712;249279
82,아내다애,유랑단,아즈샤라,KR,155192.00169244,291.0,529.412,942,747,986,52,1NAM72vhJ6KXrFWm,12,23,2,True,belt;boots,"World Tender's Barkclasp (244611, 285);World Tender's Rootslippers (244610, 285)",0,,,False,0,0,31,0,,,2,"World Tender's Barkclasp (244611, 285);World Tender's Rootslippers (244610, 285)",4,head;chest;legs;hands,True,False,"Primal Sentry's Scaleplate (249991, 289)","Scaled Commencement Spaulders (193704, 289)","World Tender's Barkclasp (244611, 285)","World Tender's Rootslippers (244610, 285)","Fallen King's Cuffs (249304, 289)","Draconic Nullcape (249370, 289)","Platinum Star Band (193708, 289)","Bond of Light (249369, 289)",world_tender_2p,249988;249337;193704;249991;244611;249987;244610;249304;249989;193708;249369;193701;249343;249370;249279
83,番茄玉米鱼片,,凤凰之神,CN,155144.93835032,290.0,580.295,983,529,1411,32,BF7MnCzrky3h4bP6,60,593,0,False,,,0,,,False,0,0,14,1,neck,"Masterwork Sin'dorei Amulet (240950, 285)",2,"Loa Worshiper's Band (251513, 285);P.O.W. x3 (268477, 295)",4,head;chest;legs;hands,True,False,"Primal Sentry's Scaleplate (249991, 289)","Nullwalker's Dread Epaulettes (249318, 289)","Scornbane Waistguard (249371, 289)","Darkstrider Treads (249377, 289)","Fallen King's Cuffs (249304, 289)","Imperator's Banner (249335, 289)","Loa Worshiper's Band (251513, 285)","Bond of Light (249369, 289)",other_or_unclassified,249988;240950;249318;249991;249371;249987;249377;249304;249989;251513;249369;249806;249343;249335;268477
84,灬曲无忆,,燃烧之刃,CN,155095.05235749,292.0,569.928,1023,582,1149,0,2JdbfFwgaH4p69Ky,165,2273,0,False,,,2,wrist;back,"Farstrider's Plated Bracers (244584, 285);Adherent's Silken Shroud (239656, 285)",True,70,35,48,2,wrist;back,"Farstrider's Plated Bracers (244584, 285);Adherent's Silken Shroud (239656, 285)",2,"Farstrider's Plated Bracers (244584, 285);Adherent's Silken Shroud (239656, 285)",4,head;chest;legs;hands,True,False,"Primal Sentry's Scaleplate (249991, 289)","Spaulders of Arrow's Flight (251097, 289)","Primal Sentry's Cinch (249985, 289)","Primal Sentry's Swiftsteps (249990, 298)","Farstrider's Plated Bracers (244584, 285)","Adherent's Silken Shroud (239656, 285)","Bifurcation Band (251115, 289)","Platinum Star Band (193708, 289)",arcanoweave_2x,249988;268291;251097;138385;249991;249985;249987;249990;244584;249989;251115;193708;249343;193701;239656;251174
86,因风飞过蔷薇,,血色十字军,CN,154994.58897059,290.0,545.922,609,774,1634,0,nBPm42r1YkRKhyqW,33,251,0,False,,,2,wrist;back,"Farstrider's Plated Bracers (244584, 285);Adherent's Silken Shroud (239656, 285)",True,76,34,59,2,wrist;back,"Farstrider's Plated Bracers (244584, 285);Adherent's Silken Shroud (239656, 285)",2,"Farstrider's Plated Bracers (244584, 285);Adherent's Silken Shroud (239656, 285)",4,head;chest;legs;hands,True,False,"Primal Sentry's Scaleplate (249991, 289)","Nullwalker's Dread Epaulettes (249318, 289)","Scornbane Waistguard (249371, 289)","Primal Sentry's Swiftsteps (249990, 289)","Farstrider's Plated Bracers (244584, 285)","Adherent's Silken Shroud (239656, 285)","Sporecaller's Blooming Loop (268290, 298)","Bond of Light (249369, 289)",arcanoweave_2x,249988;250247;249318;268274;249991;249371;249987;249990;244584;249989;268290;249369;249806;249343;239656;249279
87,豆乳米麻薯丶,小 法 狮,伊森利恩,CN,154970.68747698,290.0,567.539,1055,779,1110,41,Kv1GqgDVzb8WPk7M,121,755,0,False,,,2,wrist;back,"Farstrider's Plated Bracers (244584, 285);Adherent's Silken Shroud (239656, 285)",True,69,33,68,1,wrist,"Farstrider's Plated Bracers (244584, 285)",2,"Farstrider's Plated Bracers (244584, 285);Adherent's Silken Shroud (239656, 285)",5,head;shoulder;chest;legs;hands,True,True,"Primal Sentry's Scaleplate (249991, 289)","Primal Sentry's Trophies (249986, 289)","Primal Sentry's Cinch (249985, 289)","Primal Sentry's Swiftsteps (249990, 289)","Farstrider's Plated Bracers (244584, 285)","Adherent's Silken Shroud (239656, 285)","Masterwork Sin'dorei Band (240949, 285)","Sin'dorei Band of Hope (249919, 289)",arcanoweave_2x,249988;240950;249986;268274;249991;249985;249987;249990;244584;249989;240949;249919;249343;249806;239656;249279
89,芊芊丶绿雪,小 法 狮,国王之谷,CN,154935.76066509,290.0,576.765,978,809,1247,0,4yhwrVa3MJKfWpBN,94,16,0,False,,,2,boots;wrist,"Farstrider's Razor Talons (244577, 285);Farstrider's Plated Bracers (244584, 285)",True,58,31,51,2,boots;ring2,"Farstrider's Razor Talons (244577, 285);Masterwork Sin'dorei Band (240949, 285)",2,"Farstrider's Razor Talons (244577, 285);Farstrider's Plated Bracers (244584, 285)",4,head;chest;legs;hands,True,False,"Primal Sentry's Scaleplate (249991, 289)","Nullwalker's Dread Epaulettes (249318, 289)","Primal Sentry's Cinch (249985, 289)","Farstrider's Razor Talons (244577, 285)","Farstrider's Plated Bracers (244584, 285)","Draconic Nullcape (249370, 289)","Eye of Midnight (249920, 289)","Masterwork Sin'dorei Band (240949, 285)",arcanoweave_2x,249988;250247;249318;249991;249985;249987;244577;244584;249989;249920;240949;249343;249806;249370;249279
90,林花谢春红,,加基森,CN,154911.33439034,291.0,553.766,662,786,1614,0,nBPm42r1YkRKhyqW,11,15,0,False,,,1,belt,"Farstrider's Trophy Belt (244581, 285)",True,65,29,62,1,belt,"Farstrider's Trophy Belt (244581, 285)",1,"Farstrider's Trophy Belt (244581, 285)",4,head;chest;legs;hands,True,False,"Primal Sentry's Scaleplate (249991, 289)","Nullwalker's Dread Epaulettes (249318, 289)","Farstrider's Trophy Belt (244581, 285)","Primal Sentry's Swiftsteps (249990, 289)","Fallen King's Cuffs (249304, 289)","Defiant Defender's Drape (260312, 289)","Eye of Midnight (249920, 289)","Bond of Light (249369, 289)",arcanoweave_1x_or_mixed,249988;250247;249318;249991;244581;249987;249990;249304;249989;249920;249369;249806;249343;260312;249279
91,최진이정유미,최진이,아즈샤라,KR,154908.43952107,290.0,545.967,603,790,1536,118,pTXvcA9JFdhCjb2f,47,1,2,True,belt;boots,"World Tender's Barkclasp (244611, 285);World Tender's Rootslippers (244610, 285)",0,,,False,0,0,25,0,,,2,"World Tender's Barkclasp (244611, 285);World Tender's Rootslippers (244610, 285)",4,head;chest;legs;hands,True,False,"Primal Sentry's Scaleplate (249991, 289)","Nullwalker's Dread Epaulettes (249318, 289)","World Tender's Barkclasp (244611, 285)","World Tender's Rootslippers (244610, 285)","Fallen King's Cuffs (249304, 289)","Cloak of the Fallen Cardinal (49823, 289)","Eye of Midnight (249920, 289)","Bond of Light (249369, 289)",world_tender_2p,249988;250247;249318;268274;249991;244611;249987;244610;249304;249989;249920;249369;249806;249343;49823;249279;118372
92,Shóot,Who Asked,Draenor,EU,154890.26292707,290.0,509.609,728,689,1255,84,4NfJyG97PXwrjHCv,40,16,2,True,belt;boots,"World Tender's Barkclasp (244611, 285);World Tender's Rootslippers (244610, 285)",0,,,False,0,0,33,0,,,2,"World Tender's Barkclasp (244611, 285);World Tender's Rootslippers (244610, 285)",4,head;chest;legs;hands,True,False,"Primal Sentry's Scaleplate (249991, 289)","Scaled Commencement Spaulders (193704, 289)","World Tender's Barkclasp (244611, 285)","World Tender's Rootslippers (244610, 285)","Fallen King's Cuffs (249304, 289)","Imperator's Banner (249335, 289)","Bond of Light (249369, 289)","Eye of Midnight (249920, 289)",world_tender_2p,249988;250247;193704;268274;249991;244611;249987;244610;249304;249989;249369;249920;193701;249343;249335;249288;172652
93,饭饭究极好吃,B L C,凤凰之神,CN,154641.45038141,289.0,565.534,720,568,1422,0,GMTnvfhVNjJ1yrYw,18,4,0,False,,,1,wrist,"Farstrider's Plated Bracers (244584, 285)",True,51,26,51,1,wrist,"Farstrider's Plated Bracers (244584, 285)",2,"Farstrider's Plated Bracers (244584, 285);Loa Worshiper's Band (251513, 285)",4,head;chest;legs;hands,True,False,"Primal Sentry's Scaleplate (249991, 289)","Scaled Commencement Spaulders (193704, 289)","Scornbane Waistguard (249371, 289)","Primal Sentry's Swiftsteps (249990, 289)","Farstrider's Plated Bracers (244584, 285)","Draconic Nullcape (249370, 289)","Bond of Light (249369, 289)","Loa Worshiper's Band (251513, 285)",arcanoweave_1x_or_mixed,249988;250247;193704;249991;249371;249987;249990;244584;249989;249369;251513;193701;249343;249370;249279
94,Zyraní,NonSense,Eredar,EU,154396.89852813,290.0,536.326,574,822,1304,52,typ8hAJ3DV9Zrfwk,40,21,2,True,belt;boots,"World Tender's Barkclasp (244611, 285);World Tender's Rootslippers (244610, 285)",0,,,False,0,0,33,0,,,2,"World Tender's Barkclasp (244611, 285);World Tender's Rootslippers (244610, 285)",4,head;chest;legs;hands,True,False,"Primal Sentry's Scaleplate (249991, 289)","Nullwalker's Dread Epaulettes (249318, 289)","World Tender's Barkclasp (244611, 285)","World Tender's Rootslippers (244610, 285)","Fallen King's Cuffs (249304, 289)","Draconic Nullcape (249370, 289)","Eye of Midnight (249920, 289)","Bond of Light (249369, 289)",world_tender_2p,249988;250247;249318;52019;249991;244611;249987;244610;249304;249989;249920;249369;193701;249343;249370;249279;69210
96,肆箭灬,,埃德萨拉,CN,154364.12548133,290.0,566.14,1065,575,1158,52,fGtNrVp8PFkRw7Wx,109,1521,2,True,belt;boots,"World Tender's Barkclasp (244611, 285);World Tender's Rootslippers (244610, 285)",0,,,False,0,0,21,0,,,2,"World Tender's Barkclasp (244611, 285);World Tender's Rootslippers (244610, 285)",4,head;chest;legs;hands,True,False,"Primal Sentry's Scaleplate (249991, 289)","Nullwalker's Dread Epaulettes (249318, 289)","World Tender's Barkclasp (244611, 285)","World Tender's Rootslippers (244610, 285)","Fallen King's Cuffs (249304, 289)","Draconic Nullcape (249370, 289)","Bond of Light (249369, 289)","Sin'dorei Band of Hope (249919, 289)",world_tender_2p,249988;249337;249318;249991;244611;249987;244610;249304;249989;249369;249919;249806;193701;249370;249279
97,怎么始终牵挂,iuiuiuiui,凤凰之神,CN,154350.77509579,290.0,573.413,800,788,1465,0,hmzGca3vTPkRpLgw,53,686,0,False,,,2,boots;back,"Farstrider's Razor Talons (244577, 285);Adherent's Silken Shroud (239656, 285)",True,75,34,57,0,,,2,"Farstrider's Razor Talons (244577, 285);Adherent's Silken Shroud (239656, 285)",4,head;chest;legs;hands,True,False,"Primal Sentry's Scaleplate (249991, 289)","Nullwalker's Dread Epaulettes (249318, 289)","Primal Sentry's Cinch (249985, 289)","Farstrider's Razor Talons (244577, 285)","Fallen King's Cuffs (249304, 289)","Adherent's Silken Shroud (239656, 285)","Sin'dorei Band of Hope (249919, 289)","Eye of Midnight (249920, 289)",arcanoweave_2x,249988;250247;249318;249991;249985;249987;244577;249304;249989;249919;249920;249343;249806;239656;251174
98,花落故溪,,血色十字军,CN,154283.21628466,290.0,554.043,603,653,1693,0,9WXmfyLz1wTvxbAn,16,315,0,False,,,1,back,"Adherent's Silken Shroud (239656, 285)",True,53,26,55,1,back,"Adherent's Silken Shroud (239656, 285)",1,"Adherent's Silken Shroud (239656, 285)",4,head;chest;legs;hands,True,False,"Primal Sentry's Scaleplate (249991, 289)","Nullwalker's Dread Epaulettes (249318, 289)","Scornbane Waistguard (249371, 289)","Primal Sentry's Swiftsteps (249990, 289)","Fallen King's Cuffs (249304, 289)","Adherent's Silken Shroud (239656, 285)","Masterwork Sin'dorei Band (240949, 285)","Bond of Light (249369, 289)",arcanoweave_1x_or_mixed,249988;250247;249318;249991;249371;249987;249990;249304;249989;240949;249369;249806;249343;239656;249279
99,오징어회무침,위드,아즈샤라,KR,154225.78103371,291.0,563.484,1063,754,864,52,nRQ7Bp2VdfMNHAhx,27,9,2,True,belt;boots,"World Tender's Barkclasp (244611, 285);World Tender's Rootslippers (244610, 285)",0,,,False,0,0,21,0,,,2,"World Tender's Barkclasp (244611, 285);World Tender's Rootslippers (244610, 285)",4,head;chest;legs;hands,True,False,"Primal Sentry's Scaleplate (249991, 289)","Nullwalker's Dread Epaulettes (249318, 289)","World Tender's Barkclasp (244611, 285)","World Tender's Rootslippers (244610, 285)","Fallen King's Cuffs (249304, 289)","Defiant Defender's Drape (260312, 289)","Occlusion of Void (251217, 289)","Omission of Light (251093, 289)",world_tender_2p,249988;249337;249318;44694;249991;244611;249987;244610;249304;249989;251217;251093;249343;193701;260312;249279;160545
100,咚咚哒小红手,,血色十字军,CN,154220.00675904,291.0,562.21,1068,546,1180,0,KCxvkbjmhAZGVqTP,125,1100,0,False,,,2,belt;back,"Farstrider's Trophy Belt (244581, 285);Adherent's Silken Shroud (239656, 285)",True,57,27,57,2,belt;back,"Farstrider's Trophy Belt (244581, 285);Adherent's Silken Shroud (239656, 285)",2,"Farstrider's Trophy Belt (244581, 285);Adherent's Silken Shroud (239656, 285)",4,head;chest;legs;hands,True,False,"Primal Sentry's Scaleplate (249991, 289)","Scaled Commencement Spaulders (193704, 289)","Farstrider's Trophy Belt (244581, 285)","Primal Sentry's Swiftsteps (249990, 289)","Fallen King's Cuffs (249304, 289)","Adherent's Silken Shroud (239656, 285)","Sporecaller's Blooming Loop (268290, 298)","Platinum Star Band (193708, 289)",arcanoweave_2x,249988;250247;193704;89195;249991;244581;249987;249990;249304;249989;268290;193708;249343;193701;239656;249288;69210
101,笙歌會停,iuiuiuiui,凤凰之神,CN,154212.17523271,291.0,577.221,655,761,1613,0,TfC28zXQnkbVDdt9,11,18,0,False,,,1,belt,"Farstrider's Trophy Belt (244581, 285)",True,65,32,49,0,,,2,"Farstrider's Trophy Belt (244581, 285);P.O.W. x3 (268477, 295)",4,head;chest;legs;hands,True,False,"Primal Sentry's Scaleplate (249991, 289)","Pauldrons of the Void Hunter (151323, 289)","Farstrider's Trophy Belt (244581, 285)","Grudgefiend Stompers (268287, 298)","Darkfang Scale Wristguards (151321, 289)","Rigid Scale Greatcloak (258575, 289)","Eye of Midnight (249920, 289)","Platinum Star Band (193708, 289)",arcanoweave_1x_or_mixed,249988;250247;151323;249991;244581;249987;268287;151321;249989;249920;193708;249806;249343;258575;268477
103,山杏花满庭,,黑翼之巢,CN,154135.49168439,290.0,555.702,711,752,1592,0,3kjrcGQRJLNBWf6p,104,906,0,False,,,1,back,"Adherent's Silken Shroud (239656, 285)",True,62,31,71,1,back,"Adherent's Silken Shroud (239656, 285)",1,"Adherent's Silken Shroud (239656, 285)",4,head;chest;legs;hands,True,False,"Primal Sentry's Scaleplate (249991, 289)","Scaled Commencement Spaulders (193704, 276)","Scornbane Waistguard (249371, 289)","Primal Sentry's Swiftsteps (249990, 289)","Darkfang Scale Wristguards (151321, 289)","Adherent's Silken Shroud (239656, 285)","Bond of Light (249369, 289)","Eye of Midnight (249920, 289)",arcanoweave_1x_or_mixed,249988;250247;193704;249991;249371;249987;249990;151321;249989;249369;249920;249806;249343;239656;249288
105,绝二十四,,丽丽（四川）,CN,154117.14260269,290.0,572.661,1221,693,1091,16,4hdrGXAKQCMYkzFR,100,843,0,False,,,2,wrist;back,"Farstrider's Plated Bracers (244584, 285);Adherent's Silken Shroud (239656, 285)",True,53,26,44,3,shoulder;wrist;back,"Farstrider's Brilliant Plumes (244580, 285);Farstrider's Plated Bracers (244584, 285);Adherent's Silken Shroud (239656, 285)",2,"Farstrider's Plated Bracers (244584, 285);Adherent's Silken Shroud (239656, 285)",4,head;chest;legs;hands,True,False,"Primal Sentry's Scaleplate (249991, 289)","Farstrider's Brilliant Plumes (244580, 285)","Primal Sentry's Cinch (249985, 289)","Darkstrider Treads (249377, 289)","Farstrider's Plated Bracers (244584, 285)","Adherent's Silken Shroud (239656, 285)","Sin'dorei Band of Hope (249919, 289)","Bond of Light (249369, 289)",arcanoweave_2x,249988;249337;244580;249991;249985;249987;249377;244584;249989;249919;249369;249343;249806;239656;249279
106,媽玛,,凤凰之神,CN,154096.08285122,290.0,573.172,1033,493,1496,16,MGPqyWdY8tzZmpKR,495,5783,0,False,,,2,belt;wrist,"Farstrider's Trophy Belt (244581, 285);Farstrider's Plated Bracers (244584, 285)",True,71,37,67,1,wrist,"Farstrider's Plated Bracers (244584, 285)",2,"Farstrider's Trophy Belt (244581, 285);Farstrider's Plated Bracers (244584, 285)",4,head;chest;legs;hands,True,False,"Primal Sentry's Scaleplate (249991, 289)","Nullwalker's Dread Epaulettes (249318, 289)","Farstrider's Trophy Belt (244581, 285)","Primal Sentry's Swiftsteps (249990, 289)","Farstrider's Plated Bracers (244584, 285)","Draconic Nullcape (249370, 289)","Sin'dorei Band of Hope (249919, 289)","Bond of Light (249369, 289)",arcanoweave_2x,249988;250247;249318;249991;244581;249987;249990;244584;249989;249919;249369;249343;249806;249370;249288
108,琳莉小公举丶,,国王之谷,CN,154042.83085565,290.0,578.228,840,722,1174,0,MFhbrHXxcgaDw712,72,666,0,False,,,2,wrist;back,"Farstrider's Plated Bracers (244584, 285);Adherent's Silken Shroud (239656, 285)",True,91,41,71,2,wrist;back,"Farstrider's Plated Bracers (244584, 285);Adherent's Silken Shroud (239656, 285)",2,"Farstrider's Plated Bracers (244584, 285);Adherent's Silken Shroud (239656, 285)",4,head;chest;legs;hands,True,False,"Primal Sentry's Scaleplate (249991, 289)","Nullwalker's Dread Epaulettes (249318, 289)","Scornbane Waistguard (249371, 289)","Primal Sentry's Swiftsteps (249990, 289)","Farstrider's Plated Bracers (244584, 285)","Adherent's Silken Shroud (239656, 285)","Masterwork Sin'dorei Band (240949, 285)","Platinum Star Band (193708, 289)",arcanoweave_2x,249988;250247;249318;52019;249991;249371;249987;249990;244584;249989;240949;193708;193701;249343;239656;251174;190611
110,咕咕迪杰,The Six Army,熊猫酒仙,CN,154017.02394859,291.0,570.138,1008,800,1247,16,NdbfRkzwYXLmgHKM,49,430,0,False,,,0,,,False,0,0,16,2,ring1;back,"Masterwork Sin'dorei Band (240949, 285);Adherent's Silken Shroud (239656, 285)",2,"Masterwork Sin'dorei Band (240949, 285);Adherent's Silken Shroud (239656, 285)",4,head;chest;legs;hands,True,False,"Primal Sentry's Scaleplate (249991, 289)","Nullwalker's Dread Epaulettes (249318, 289)","Scornbane Waistguard (249371, 289)","Grudgefiend Stompers (268287, 298)","Fallen King's Cuffs (249304, 289)","Adherent's Silken Shroud (239656, 285)","Masterwork Sin'dorei Band (240949, 285)","Eye of Midnight (249920, 289)",other_embellishment_2x,249988;250247;249318;268274;249991;249371;249987;268287;249304;249989;240949;249920;249343;260235;239656;249279
111,스파게티,최진이,아즈샤라,KR,154011.73013406,290.0,535.288,557,885,1500,68,HAfBQ27bw4W1arXM,13,6,2,True,belt;boots,"World Tender's Barkclasp (244611, 285);World Tender's Rootslippers (244610, 285)",0,,,False,0,0,30,1,back,"Adherent's Silken Shroud (239656, 285)",2,"World Tender's Barkclasp (244611, 285);World Tender's Rootslippers (244610, 285)",4,head;chest;legs;hands,True,False,"Primal Sentry's Scaleplate (249991, 289)","Scaled Commencement Spaulders (193704, 289)","World Tender's Barkclasp (244611, 285)","World Tender's Rootslippers (244610, 285)","Fallen King's Cuffs (249304, 289)","Adherent's Silken Shroud (239656, 285)","Eye of Midnight (249920, 289)","Bond of Light (249369, 289)",world_tender_2p,249988;240950;193704;268274;249991;244611;249987;244610;249304;249989;249920;249369;249806;249343;239656;249279
112,青萍末,,回音山,CN,153978.50842108,289.0,552.542,757,808,1382,0,3kjrcGQRJLNBWf6p,90,560,0,False,,,1,boots,"Farstrider's Razor Talons (244577, 285)",True,53,26,40,2,boots;ring2,"Farstrider's Razor Talons (244577, 285);Masterwork Sin'dorei Band (240949, 285)",1,"Farstrider's Razor Talons (244577, 285)",4,head;chest;legs;hands,True,False,"Primal Sentry's Scaleplate (249991, 289)","Nullwalker's Dread Epaulettes (249318, 289)","Scornbane Waistguard (249371, 289)","Farstrider's Razor Talons (244577, 285)","Fallen King's Cuffs (249304, 289)","Rigid Scale Greatcloak (258575, 289)","Omission of Light (251093, 276)","Masterwork Sin'dorei Band (240949, 285)",arcanoweave_1x_or_mixed,249988;249368;249318;268274;249991;249371;249987;244577;249304;249989;251093;240949;249806;249343;258575;249279
113,Muz,Entropy,Frostmourne,US,153948.71885796,290.0,535.811,676,798,1133,125,GZz8v1gQANCny6jW,23,3,2,True,belt;boots,"World Tender's Barkclasp (244611, 285);World Tender's Rootslippers (244610, 285)",0,,,False,0,0,21,0,,,2,"World Tender's Barkclasp (244611, 285);World Tender's Rootslippers (244610, 285)",4,head;chest;legs;hands,True,False,"Primal Sentry's Scaleplate (249991, 289)","Pauldrons of the Void Hunter (151323, 289)","World Tender's Barkclasp (244611, 285)","World Tender's Rootslippers (244610, 285)","Fallen King's Cuffs (249304, 289)","Fluxweave Cloak (251206, 289)","Omission of Light (251093, 289)","Occlusion of Void (251217, 289)",world_tender_2p,249988;250247;151323;98080;249991;244611;249987;244610;249304;249989;251093;251217;193701;249343;251206;249279;232908
115,随秋雁到东湖,,血色十字军,CN,153915.32786825,290.0,546.012,631,756,1610,0,dHtMF9R3fZvmYVkG,99,1354,0,False,,,2,belt;back,"Farstrider's Trophy Belt (244581, 285);Adherent's Silken Shroud (239656, 285)",True,61,30,61,2,belt;back,"Farstrider's Trophy Belt (244581, 285);Adherent's Silken Shroud (239656, 285)",2,"Farstrider's Trophy Belt (244581, 285);Adherent's Silken Shroud (239656, 285)",4,head;chest;legs;hands,True,False,"Primal Sentry's Scaleplate (249991, 289)","Scaled Commencement Spaulders (193704, 289)","Farstrider's Trophy Belt (244581, 285)","Primal Sentry's Swiftsteps (249990, 289)","Fallen King's Cuffs (249304, 289)","Adherent's Silken Shroud (239656, 285)","Bond of Light (249369, 289)","Masterwork Sin'dorei Band (240949, 285)",arcanoweave_2x,249988;250247;193704;249991;244581;249987;249990;249304;249989;249369;240949;249806;249343;239656;249279
116,不算多特别,iuiuiuiui,凤凰之神,CN,153909.75899311,291.0,571.104,780,931,1281,41,jhMFRZVt7K8vX21m,55,301,0,False,,,2,belt;wrist,"Farstrider's Trophy Belt (244581, 285);Farstrider's Plated Bracers (244584, 285)",True,54,25,49,0,,,2,"Farstrider's Trophy Belt (244581, 285);Farstrider's Plated Bracers (244584, 285)",5,head;shoulder;chest;legs;hands,True,True,"Primal Sentry's Scaleplate (249991, 289)","Primal Sentry's Trophies (249986, 289)","Farstrider's Trophy Belt (244581, 285)","Primal Sentry's Swiftsteps (249990, 289)","Farstrider's Plated Bracers (244584, 285)","Draconic Nullcape (249370, 289)","Sporecaller's Blooming Loop (268290, 298)","Bond of Light (249369, 289)",arcanoweave_2x,249988;249337;249986;249991;244581;249987;249990;244584;249989;268290;249369;249343;249806;249370;251095
119,秋将暮,,罗宁,CN,153846.64872999,291.0,548.225,1090,594,1284,32,9WXmfyLz1wTvxbAn,32,626,0,False,,,0,,,False,0,0,29,0,,,0,,4,head;chest;legs;hands,True,False,"Primal Sentry's Scaleplate (249991, 289)","Scaled Commencement Spaulders (193704, 289)","Scornbane Waistguard (249371, 289)","Primal Sentry's Swiftsteps (249990, 289)","Fallen King's Cuffs (249304, 289)","Imperator's Banner (249335, 289)","Sin'dorei Band of Hope (249919, 289)","Platinum Star Band (193708, 289)",other_or_unclassified,249988;249368;193704;249991;249371;249987;249990;249304;249989;249919;193708;249806;249343;249335;251174
120,Braktixx,Well Named guild,Tarren Mill,EU,153832.1767348,291.0,529.426,898,626,1139,84,AxbX3TBDVrj4ygJf,24,4,2,True,belt;boots,"World Tender's Barkclasp (244611, 285);World Tender's Rootslippers (244610, 285)",0,,,False,0,0,24,0,,,2,"World Tender's Barkclasp (244611, 285);World Tender's Rootslippers (244610, 285)",4,head;chest;legs;hands,True,False,"Primal Sentry's Scaleplate (249991, 289)","Nullwalker's Dread Epaulettes (249318, 289)","World Tender's Barkclasp (244611, 285)","World Tender's Rootslippers (244610, 285)","Fallen King's Cuffs (249304, 289)","Imperator's Banner (249335, 289)","Omission of Light (251093, 289)","Occlusion of Void (251217, 289)",world_tender_2p,249988;268291;249318;98543;249991;244611;249987;244610;249304;249989;251093;251217;193701;249343;249335;249279;43300
121,Trolovác,Salt Mines,Drak'thul,EU,153726.05525623,290.0,528.592,891,1041,727,102,461mhXAaGWVvNDpH,25,37,2,True,belt;boots,"World Tender's Barkclasp (244611, 285);World Tender's Rootslippers (244610, 285)",0,,,False,0,0,13,1,ring1,"Masterwork Sin'dorei Band (240949, 285)",2,"World Tender's Barkclasp (244611, 285);World Tender's Rootslippers (244610, 285)",4,head;chest;legs;hands,True,False,"Primal Sentry's Scaleplate (249991, 289)","Nullwalker's Dread Epaulettes (249318, 289)","World Tender's Barkclasp (244611, 285)","World Tender's Rootslippers (244610, 285)","Fallen King's Cuffs (249304, 289)","Cloak of the Fallen Cardinal (49823, 289)","Masterwork Sin'dorei Band (240949, 285)","Eye of Midnight (249920, 289)",world_tender_2p,249988;249368;249318;249991;244611;249987;244610;249304;249989;240949;249920;193701;249343;49823;249279;233290
122,猎丶落羽无痕,,影之哀伤,CN,153707.1862673,290.0,579.522,776,600,1497,89,3XpHJgQxydbCFkML,70,515,0,False,,,1,wrist,"Farstrider's Plated Bracers (244584, 285)",True,58,30,54,0,,,2,"Farstrider's Plated Bracers (244584, 285);Loa Worshiper's Band (251513, 285)",5,head;shoulder;chest;legs;hands,True,True,"Primal Sentry's Scaleplate (249991, 289)","Primal Sentry's Trophies (249986, 289)","Primal Sentry's Cinch (249985, 289)","Primal Sentry's Swiftsteps (249990, 289)","Farstrider's Plated Bracers (244584, 285)","Imperator's Banner (249335, 289)","Loa Worshiper's Band (251513, 285)","Bond of Light (249369, 289)",arcanoweave_1x_or_mixed,249988;250247;249986;249991;249985;249987;249990;244584;249989;251513;249369;249806;249343;249335;249279
123,糖半仙灬,,格瑞姆巴托,CN,153697.78186904,290.0,564.89,730,811,1140,0,ApqNa2zgQLdCrYD6,31,178,0,False,,,1,wrist,"Farstrider's Plated Bracers (244584, 285)",True,62,31,55,1,wrist,"Farstrider's Plated Bracers (244584, 285)",2,"Farstrider's Plated Bracers (244584, 285);Loa Worshiper's Band (251513, 285)",4,head;chest;legs;hands,True,False,"Primal Sentry's Scaleplate (249991, 289)","Nullwalker's Dread Epaulettes (249318, 289)","Scornbane Waistguard (249371, 289)","Primal Sentry's Swiftsteps (249990, 289)","Farstrider's Plated Bracers (244584, 285)","Draconic Nullcape (249370, 289)","Eye of Midnight (249920, 289)","Loa Worshiper's Band (251513, 285)",arcanoweave_1x_or_mixed,249988;250247;249318;249991;249371;249987;249990;244584;249989;249920;251513;193701;249343;249370;251174;233288
124,丶冬月,,无尽之海,CN,153687.15051248,289.0,566.365,1307,417,1135,0,fxCNFn4GY1hqzBJZ,9,11,0,False,,,2,belt;wrist,"Farstrider's Trophy Belt (244581, 285);Farstrider's Plated Bracers (244584, 285)",True,65,30,65,3,neck;belt;wrist,"Masterwork Sin'dorei Amulet (240950, 285);Farstrider's Trophy Belt (244581, 285);Farstrider's Plated Bracers (244584, 285)",2,"Farstrider's Trophy Belt (244581, 285);Farstrider's Plated Bracers (244584, 285)",4,head;chest;legs;hands,True,False,"Primal Sentry's Scaleplate (249991, 289)","Scaled Commencement Spaulders (193704, 289)","Farstrider's Trophy Belt (244581, 285)","Primal Sentry's Swiftsteps (249990, 289)","Farstrider's Plated Bracers (244584, 285)","Rigid Scale Greatcloak (258575, 289)","Sin'dorei Band of Hope (249919, 289)","Platinum Star Band (193708, 289)",arcanoweave_2x,249988;240950;193704;249991;244581;249987;249990;244584;249989;249919;193708;193701;249806;258575;251174;168100
125,噜亿發,,凤凰之神,CN,153666.38057766,291.0,580.239,1046,475,1500,16,MGPqyWdY8tzZmpKR,358,1983,0,False,,,2,wrist;back,"Farstrider's Plated Bracers (244584, 285);Adherent's Silken Shroud (239656, 285)",True,58,29,41,1,wrist,"Farstrider's Plated Bracers (244584, 285)",2,"Farstrider's Plated Bracers (244584, 285);Adherent's Silken Shroud (239656, 285)",4,head;chest;legs;hands,True,False,"Primal Sentry's Scaleplate (249991, 289)","Nullwalker's Dread Epaulettes (249318, 289)","Primal Sentry's Cinch (249985, 289)","Primal Sentry's Swiftsteps (249990, 289)","Farstrider's Plated Bracers (244584, 285)","Adherent's Silken Shroud (239656, 285)","Sin'dorei Band of Hope (249919, 289)","Bond of Light (249369, 289)",arcanoweave_2x,249988;268291;249318;249991;249985;249987;249990;244584;249989;249919;249369;249343;249806;239656;249279
126,乔渣男七号,,凤凰之神,CN,153639.55802658,289.0,569.265,735,638,1456,110,yHzaYQqKt9PXj1wJ,41,433,2,True,belt;boots,"World Tender's Barkclasp (244611, 285);World Tender's Rootslippers (244610, 285)",0,,,False,0,0,18,1,ring2,"Masterwork Sin'dorei Band (240949, 285)",2,"World Tender's Barkclasp (244611, 285);World Tender's Rootslippers (244610, 285)",4,head;chest;legs;hands,True,False,"Primal Sentry's Scaleplate (249991, 289)","Nullwalker's Dread Epaulettes (249318, 289)","World Tender's Barkclasp (244611, 285)","World Tender's Rootslippers (244610, 285)","Fallen King's Cuffs (249304, 289)","Shroud of the Soulhunter (251161, 289)","Bond of Light (249369, 289)","Masterwork Sin'dorei Band (240949, 285)",world_tender_2p,249988;250247;249318;268274;249991;244611;249987;244610;249304;249989;249369;240949;249806;249343;251161;249279
127,Racxyshunt,Smokin Pirates,Kael'thas,EU,153570.69113094,290.0,530.406,646,671,1265,149,B2daC43XqjN7hnY1,21,2,2,True,belt;boots,"World Tender's Barkclasp (244611, 285);World Tender's Rootslippers (244610, 285)",0,,,False,0,0,18,0,,,2,"World Tender's Barkclasp (244611, 285);World Tender's Rootslippers (244610, 285)",5,head;shoulder;chest;legs;hands,True,True,"Primal Sentry's Scaleplate (249991, 289)","Primal Sentry's Trophies (249986, 289)","World Tender's Barkclasp (244611, 285)","World Tender's Rootslippers (244610, 285)","Fallen King's Cuffs (249304, 289)","Potion-Stained Cloak (193712, 289)","Platinum Star Band (193708, 289)","Bond of Light (249369, 289)",world_tender_2p,249988;250247;249986;2579;249991;244611;249987;244610;249304;249989;193708;249369;193701;249343;193712;249279;45574
128,Lancer,,冰风岗,CN,153567.36321471,290.0,545.691,790,787,1359,117,vqpWCjamyVLc7tAg,1,18,2,True,belt;boots,"World Tender's Barkclasp (244611, 285);World Tender's Rootslippers (244610, 285)",0,,,False,0,0,32,0,,,2,"World Tender's Barkclasp (244611, 285);World Tender's Rootslippers (244610, 285)",4,head;chest;legs;hands,True,False,"Primal Sentry's Scaleplate (249991, 289)","Spaulders of Arrow's Flight (251097, 289)","World Tender's Barkclasp (244611, 285)","World Tender's Rootslippers (244610, 285)","Fallen King's Cuffs (249304, 289)","Draconic Nullcape (249370, 289)","Eye of Midnight (249920, 289)","Signet of the Starved Beast (249336, 289)",world_tender_2p,249988;250247;251097;138385;249991;244611;249987;244610;249304;249989;249920;249336;249343;249806;249370;249279
129,野性触角,,燃烧之刃,CN,153528.75908093,291.0,581.851,932,647,1122,0,d2KwHYCaDn9kfT78,14,7,0,False,,,2,wrist;back,"Farstrider's Plated Bracers (244584, 285);Adherent's Silken Shroud (239656, 285)",True,56,27,72,2,wrist;back,"Farstrider's Plated Bracers (244584, 285);Adherent's Silken Shroud (239656, 285)",2,"Farstrider's Plated Bracers (244584, 285);Adherent's Silken Shroud (239656, 285)",4,head;chest;legs;hands,True,False,"Primal Sentry's Scaleplate (249991, 289)","Scaled Commencement Spaulders (193704, 289)","Primal Sentry's Cinch (249985, 289)","Grudgefiend Stompers (268287, 298)","Farstrider's Plated Bracers (244584, 285)","Adherent's Silken Shroud (239656, 285)","Bifurcation Band (251115, 289)","Platinum Star Band (193708, 289)",arcanoweave_2x,249988;250247;193704;52019;249991;249985;249987;268287;244584;249989;251115;193708;193701;249343;239656;251095;52252
