boss,rank,dps,build,dr_n,sen_n,dur,rid,fid,char
Imperator Averzian,1,186830.65991198,DR,14,0,180.418,XjLYVrNdvf7PAqh6,46,Chewingtoy
Imperator Averzian,2,181159.94710535,DR,14,0,202.667,b2XVanKQjq8fgdYH,7,파개왕태우스
Imperator Averzian,3,172592.3217019,DR,14,0,206.452,mQkJF4zVCwTZj1Lt,11,Punisherinho
Imperator Averzian,4,169918.69631785,SEN,0,14,184.186,xTfg9cdzHQADCYXF,9,Neyebae
Imperator Averzian,5,169281.32868834,SEN,0,14,279.584,gpjWaPMqHRZ2XmDF,8,西瓜大魔王啊
Imperator Averzian,7,166369.46601199,SEN,0,14,294.295,8T6KvbcpjXfz9tD1,102,风行者之矢
Imperator Averzian,8,164588.03355013,SEN,0,14,281.37,FdTMqAYcHwDWh6j1,23,兮月丶丶
Imperator Averzian,9,162835.56011208,SEN,0,14,274.088,njHwDWFPZJ2rm6TK,35,Майкинемаг
Imperator Averzian,10,162694.31587122,SEN,0,14,293.607,8T6KvbcpjXfz9tD1,9,Bluesflower
Imperator Averzian,11,162667.02628018,DR,14,0,211.338,D9fGygdbFV7a14cP,8,Taewoos
Imperator Averzian,12,162211.33327477,SEN,0,14,295.978,pDbKT3GNk2VP7Fqj,1,喃兑啊内
Imperator Averzian,13,161241.82314751,SEN,0,14,317.451,ZPqgNfJpAkTVwbrz,9,命終紸錠
Imperator Averzian,14,160316.34990156,SEN,0,14,298.644,b8W9VAkz4dMNL73v,49,裂爸
Imperator Averzian,15,159743.5525271,SEN,0,14,270.765,gCWTdL4DkXYnhMwR,42,赫赫呢
Imperator Averzian,16,159529.87098718,DR,14,0,278.732,Gqv8KXFbj7DY9WhL,11,Geethdwarf
Imperator Averzian,17,159525.22313616,SEN,0,14,274.272,hzF92TjVRBmftdYv,2,一只王大可
Imperator Averzian,18,159259.04485711,DR,14,0,267.583,jfktw43p7Jd1HvZr,1,Danaix
Imperator Averzian,19,158950.20519567,SEN,0,14,304.831,nqG7FwZRg8tzLrMD,1,白牙丶
Imperator Averzian,20,158791.87691075,DR,14,0,269.528,dVWFrj8QPfxtDyAb,15,긁혔냥
Imperator Averzian,21,158703.19887206,DR,14,0,273.065,pcLwdWD8NR1Vtxyn,11,냥에카
Imperator Averzian,22,157379.50178785,SEN,0,14,268.199,tXDyHMQANZCgmd7j,4,玩丶不丶转
Imperator Averzian,23,156397.72658312,SEN,0,14,263.656,zHFjnBdqRM4Py1KY,5,猎人初号机
Imperator Averzian,24,156209.60062937,DR,14,0,221.173,7hYPJfbx1jpXgaVH,9,칩금
Imperator Averzian,25,156107.79270092,DR,14,0,297.599,2tgvFB8pxXjRZ6YV,11,马丨克
Imperator Averzian,26,155683.89303727,DR,14,0,228.603,Q8fBVxC1ZYj7nFPW,11,태우스
Imperator Averzian,27,155484.46645199,SEN,0,14,296.262,LgnKtyrQzpYGFCbx,65,帕提亚
Imperator Averzian,28,155411.76855249,SEN,0,14,290.554,YTdWBwpMN4P7zXnA,8,米咕咕饲养员
Imperator Averzian,29,155392.51261394,DR,14,0,240.805,JYKPC82hcBtZbjVr,12,주학몬
Imperator Averzian,30,155290.23404455,DR,14,0,212.78,9DhR1njgK3VAFvrx,12,Членвнутри
Imperator Averzian,31,154907.1074411,DR,14,0,214.592,KgTWywC74rfMZ8k1,8,보잭이
Imperator Averzian,32,154758.15669878,SEN,0,14,275.05,9hR74XTV2Y8zZWxH,10,等一生都等
Imperator Averzian,33,154718.29633026,SEN,0,14,274.842,KYcfBaMXdhx629bp,2,博士后学历
Imperator Averzian,35,154684.0490387,SEN,0,14,298.866,TVtmcfHW1RFzjkdr,2,Kirayamto
Imperator Averzian,38,153957.18486767,SEN,0,14,300.945,LzAj3JDFmkM7b4VG,8,Personaq
Imperator Averzian,39,153676.93077891,DR,14,0,275.653,BCbLNZPFfh8Amaj2,8,스파게티
Imperator Averzian,45,152826.01195447,SEN,0,14,273.036,jYRWmr4QPqBGF2y9,15,就这个吧
Imperator Averzian,61,151290.71242268,SEN,0,14,307.486,6R3bGnNPxzVByQdA,8,雇佣兵丶放狗
Imperator Averzian,64,150857.42288174,SEN,0,14,275.486,19GYXLhwTcdvfFmy,48,Fatfckinchud
Imperator Averzian,74,150452.29437033,SEN,0,14,263.994,J4kcaTwD3NC6ytRH,10,绝二十一
Imperator Averzian,76,150284.41239484,SEN,0,14,287.055,dGrYzWJ3N2yRMcfL,106,天天打老虎
Imperator Averzian,80,149710.5243318,SEN,0,14,278.545,vWb96BH48zhaKrLC,84,猎人二号机
Imperator Averzian,88,148721.3871992,SEN,0,14,302.653,mqRLzphA6bT7kJP2,4,Jxx
Imperator Averzian,93,148253.13865369,SEN,0,14,368.948,wgJxdcjhrnm82Vp7,14,小黑二十一
Imperator Averzian,100,147828.11594101,DR,14,0,284.593,Cw3YKDgH269PnybV,50,진라면
Vorasius,1,139606.35069975,DR,14,0,212.575,ZYHJVCNgQ8FBjMbm,16,陈年风褛
Vorasius,2,136578.92910153,DR,14,0,270.838,Z1NBy8TbmjFrHCA4,12,Solduck
Vorasius,3,136423.24413912,DR,14,0,249.792,MdAxgVzCpBZ1J7k9,20,냥에카
Vorasius,4,135876.88348044,DR,14,0,261.484,gt7nFj4Zq9MK2wpC,13,주학몬
Vorasius,5,135619.19004388,DR,14,0,274.163,DPCdLm9hYnNGpvzM,48,냥냥에카
Vorasius,6,134131.67398487,DR,14,0,279.668,ZAHn8PTrRyKzqk2p,17,Mortälity
Vorasius,7,133988.73192062,DR,14,0,255.678,ZM1ckGYCav6tgzpq,15,파개왕태우스
Vorasius,8,132885.96185522,DR,14,0,272.593,RmrbhM7Nw4aA91DT,22,Varàs
Vorasius,9,132783.16246962,DR,14,0,291.753,TWYxmAHMfhaCgN9G,34,Spoobyplz
Vorasius,10,132772.79524994,DR,14,0,270.144,FNdW9wGPnYAKZz7f,22,Lochhunt
Vorasius,11,132699.79653493,DR,14,0,259.504,mXbc8WptBM9QPZYN,15,Moojie
Vorasius,12,132229.5092141,DR,14,0,273.928,abcCNqtj89y2pLvR,16,Solhunt
Vorasius,13,132098.37713734,DR,14,0,273.529,KLhvj2CmpfPxNyAb,21,정유미최진이
Vorasius,14,131853.17677924,DR,14,0,279.009,Gqv8KXFbj7DY9WhL,15,Geethdwarf
Vorasius,15,131809.86983563,DR,14,0,268.353,62YjXbBcNW8fwQ71,20,격사냥꾼
Vorasius,16,131562.2750904,DR,14,0,228.703,Q8fBVxC1ZYj7nFPW,18,태우스
Vorasius,17,131097.1517682,DR,14,0,276.382,yXgZctYQDfvjhmMq,20,늙고병든망구
Vorasius,18,130928.4165762,DR,14,0,312.279,6R3bGnNPxzVByQdA,22,雇佣兵丶放狗
Vorasius,19,130820.87699469,DR,14,0,261.005,Br6Q7Lf8AFYwT4qN,30,每天睡饱饱
Vorasius,20,130410.80830465,DR,14,0,254.508,R4HFbwMBW1fYag6n,34,맘가비룡동전말리
Vorasius,21,129734.50710141,DR,14,0,273.819,f4ZrTPK6WNjDwmyQ,7,긁혔냥
Vorasius,22,129388.75707709,DR,14,0,276.067,Z9dyL631Cfaq42xR,13,총쏘는돌아이
Vorasius,23,129383.1212752,DR,14,0,266.122,4gGyzNq3Rh6rHMxC,31,Charlie
Vorasius,24,129320.55556175,DR,14,0,269.061,q87ypwNQv9YkZ6m4,1,Sixshots
Vorasius,25,128783.17446879,DR,14,0,264.586,Rgf3LhKpqXkzbDMc,13,Maxiusz
Vorasius,26,128399.41709648,DR,14,0,296.447,8hHvxYR6JbzPMQ3G,4,Дэпсик
Vorasius,27,128282.5968412,DR,14,0,201.722,XjLYVrNdvf7PAqh6,53,Chewingtoy
Vorasius,28,128121.18371434,DR,14,0,234.685,zRrKj81dT693HGVy,17,파강마
Vorasius,29,128077.06960009,DR,14,0,193.721,fn6c4dpHkWRPDMxh,20,Banshers
Vorasius,30,127920.09070602,DR,14,0,265.914,TLmb8G2QXJj63nPY,16,Huntersupluk
Vorasius,31,127900.3407284,DR,14,0,264.14,pMxfm2nPY4ZbCw1B,16,코륨화살
Vorasius,32,127899.3822859,DR,14,0,254.001,v4k8CaGAqzTbYHBX,16,Malarkus
Vorasius,33,127846.00085239,DR,14,0,197.092,rkJwmCNLWYFpb8ZG,39,豪赤
Vorasius,34,127769.06520516,DR,14,0,275.515,28WdtD4NAq1GC7Q3,15,로저브라운
Vorasius,41,127014.54346224,DR,14,0,264.655,KhG3MNwQfWRvx4CA,14,하켄
Vorasius,44,126414.12842653,DR,14,0,265.21,2LPJYvx8MTDCNqcw,17,Diddy
Vorasius,50,126149.89990716,DR,14,0,275.744,YTdWBwpMN4P7zXnA,15,米咕咕饲养员
Vorasius,57,125613.42905277,DR,14,0,263.548,NLQACGX3TyKYq4vV,11,Kimtaewoo
Vorasius,60,125309.02496821,DR,14,0,276.832,r9ndRBXDQf1jTxKZ,25,Сынмаксима
Vorasius,66,124561.61823312,DR,14,0,275.016,JYqPGj2g9npVb14M,18,천무지
Vorasius,67,124510.52026002,DR,14,0,272.902,dvP2hxMYT3r8yfAD,30,Biødody
Vorasius,73,124066.04408084,DR,14,0,272.091,HQqxmkP4L3c8YpwD,14,Mimik
Vorasius,75,123830.43716108,DR,14,0,272.371,acjKHBxk9gmt8Gvw,17,Battletroll
Vorasius,77,123652.47958286,DR,14,0,269.259,6rj3QTVRw9PZ8Bhp,1,차르아이
Vorasius,79,123555.1620905,DR,14,0,292.275,W7Mk8rjK1FNBcCxa,16,Neyebae
Vorasius,85,123228.0792384,DR,14,0,284.559,qVwk8rWg6TXQCA3M,33,Târget
Vorasius,89,123161.90733872,DR,14,0,266.109,VmJrYyKjGRtZF967,8,Kebaboy
Vorasius,91,123065.55742358,DR,14,0,293.834,XrZtDk9qAVhKNLvy,19,Gingihhm
Vorasius,97,122670.68996905,DR,14,0,274.65,XDFgKzm6ydfLNj1Y,42,Galarian
Fallen-King Salhadaar,1,169458.00945367,DR,14,0,235.041,ZM1ckGYCav6tgzpq,20,파개왕태우스
Fallen-King Salhadaar,2,163553.37524722,SEN,0,14,277.076,YTdWBwpMN4P7zXnA,23,米咕咕饲养员
Fallen-King Salhadaar,3,162288.21077486,DR,14,0,261.739,TvkLgHNZ4qam8c1V,20,Taewoos
Fallen-King Salhadaar,4,161117.50037044,SEN,0,14,276.697,DnV8Aqv1BzC2HLTk,31,Snoopyx
Fallen-King Salhadaar,5,159221.33215983,SEN,0,14,290.866,jYRWmr4QPqBGF2y9,27,就这个吧
Fallen-King Salhadaar,6,157967.1385875,SEN,0,14,269.678,9VjHg3aLJqhFvzxN,16,주학몬
Fallen-King Salhadaar,7,157402.72767456,SEN,0,14,280.532,LaHNmPRXvkrQw46A,4,雪人丷
Fallen-King Salhadaar,8,156763.2463213,DR,14,0,350.871,DyHtdTYMP1w7BQGp,62,奇怪的队友
Fallen-King Salhadaar,9,156064.33817208,SEN,0,14,203.565,bBJpdXWAh6ykmar1,21,돈내고똥먹기
Fallen-King Salhadaar,10,155998.60973275,SEN,0,14,228.733,bQMBKJVngcYxF2Cr,20,Vayenhnt
Fallen-King Salhadaar,11,155026.40455813,SEN,0,14,290.821,9hR74XTV2Y8zZWxH,22,等一生都等
Fallen-King Salhadaar,12,154194.72999325,SEN,0,14,268.197,btH6z2mMNnZLJ3C8,5,阿莉西亚
Fallen-King Salhadaar,13,153851.60743512,SEN,0,14,342.16,hq36VJWRF2PQxycK,89,暴脾气
Fallen-King Salhadaar,14,153841.86250055,SEN,0,14,342.765,JtxAZwgjBfpF4dMr,25,Gingihhm
Fallen-King Salhadaar,16,152875.62541906,SEN,0,14,335.575,xJHdT4Z16FPYhCV2,21,꾸으룽
Fallen-King Salhadaar,17,152512.4308877,DR,14,0,268.042,NyZwFkab9PTdCr4H,27,로저브라운
Fallen-King Salhadaar,18,152341.7980981,SEN,0,14,327.357,ytKjbR2q971gMkav,22,Shakraz
Fallen-King Salhadaar,19,151552.76469433,DR,14,0,269.849,B6YHRpQL7v2TNGkq,15,Zlex
Fallen-King Salhadaar,20,151351.6803779,SEN,0,14,276.902,4FA8xY9P2yNtrbC1,18,声小点我布隆
Fallen-King Salhadaar,21,151237.33048724,DR,14,0,277.339,FZ7Kr32GXvJaMwHc,2,我看看谁犯病
Fallen-King Salhadaar,22,150853.67549015,SEN,0,14,369.733,LRj7VNnW4z8gvyYD,10,艾琳灬风信子
Fallen-King Salhadaar,23,150221.21143738,SEN,0,14,212.706,17mpCT6grHd2y4Lz,22,霍普丶
Fallen-King Salhadaar,24,150128.19709618,SEN,0,14,255.388,TQynXvhc9LqZHMVb,68,Сынмаксима
Fallen-King Salhadaar,25,149862.4939931,DR,14,0,278.846,1XL48xbHG3hvrpDQ,28,Geethdwarf
Fallen-King Salhadaar,26,149716.20074623,SEN,0,14,283.024,FkMTtJ2gmXx17d4h,23,翊哥哥
Fallen-King Salhadaar,27,149263.62898828,DR,14,0,225.567,MR9mZrXPJwpTFHqB,28,파강마
Fallen-King Salhadaar,28,149226.964736,SEN,0,14,362.466,2jv93QZg4yxTckfp,60,生死皆闲云
Fallen-King Salhadaar,29,148855.75946825,SEN,0,14,221.609,3d9QMFpZbA4rmkLC,21,Sanbo
Fallen-King Salhadaar,30,148733.7915476,SEN,0,14,332.45,ZpKbm6xw4HLY7Tnq,19,王行六
Fallen-King Salhadaar,31,148612.01355857,DR,14,0,289.706,WfzxwAC1K6YNtGVB,22,夜幕泼
Fallen-King Salhadaar,32,148126.41427928,DR,14,0,217.602,7hYPJfbx1jpXgaVH,20,칩금
Fallen-King Salhadaar,33,148115.68081991,DR,14,0,204.9,3aqXF9rz6GBwL2cW,18,Rekigg
Fallen-King Salhadaar,34,147919.23165008,SEN,0,14,275.083,vcNHWhTLZq14k7BF,22,唏嘘相见恨晚
Fallen-King Salhadaar,49,145903.62973432,SEN,0,14,323.357,gjWTLYm1Mknd32w7,22,卡了不然能莎
Fallen-King Salhadaar,58,144936.4509174,SEN,0,14,276.432,xJVWAgQ6f2ZjztD3,60,Steezkä
Fallen-King Salhadaar,60,144870.98426563,SEN,0,14,296.739,q624bHxzwa3QWZL9,105,深邃的平静
Fallen-King Salhadaar,61,144860.7317592,SEN,0,14,329.07,tMDqpTvHdhkcKyAQ,18,肥鸡趴号
Fallen-King Salhadaar,67,144134.7292882,DR,14,0,268.108,ZLVrB6XjWHPx4nhk,24,양희차니
Fallen-King Salhadaar,71,143621.54633529,SEN,0,14,317.706,4HYqXhNVcxp6MkWg,18,Kreezhem
Fallen-King Salhadaar,73,143584.70258467,SEN,0,14,322.865,AkYdpy8mTjHGvKZB,35,Easione
Fallen-King Salhadaar,78,143092.04075862,DR,14,0,293.533,VkCJ43RwHnrGjT9p,19,격사냥꾼
Fallen-King Salhadaar,80,142916.30271203,SEN,0,14,285.063,wtmybqx86D9WcBzN,24,泉痕
Fallen-King Salhadaar,82,142724.03684056,SEN,0,14,363.621,NMB1fQFmvtCLVzPj,15,原星绝
Fallen-King Salhadaar,84,142475.88639255,DR,14,0,359.237,qvfNhB67AcHjW3YM,12,Solhuni
Fallen-King Salhadaar,85,142470.21098184,DR,14,0,237.319,bMk71GKn49fyzRPt,75,Solhunt
Fallen-King Salhadaar,86,142434.30952695,DR,14,0,303.56,yKZzJhWjQtgm6Lq2,24,嗦粉猎
Fallen-King Salhadaar,88,141970.7270815,SEN,0,14,289.995,VqxNRapHAwhr1zdW,63,肥鸡四号
Fallen-King Salhadaar,90,141858.16447743,SEN,0,14,291.274,vgkYaj8m1FztLAJB,19,陪着上帝流浪
Fallen-King Salhadaar,95,141447.33173969,SEN,0,14,307.054,AP4w79aRBpJXCfqG,47,肥鸡二号
Vaelgor & Ezzorak,1,221225.43859434,SEN,0,14,407.153,x9aBR4q76Tk3Qpcv,28,Alejondro
Vaelgor & Ezzorak,2,220870.25716503,SEN,0,14,385.239,b2XVanKQjq8fgdYH,20,파개왕태우스
Vaelgor & Ezzorak,3,219112.40621349,SEN,0,14,399.711,YTdWBwpMN4P7zXnA,28,米咕咕饲养员
Vaelgor & Ezzorak,4,217946.67520827,SEN,0,14,365.271,VAtBa1gmHLNFkK39,10,금칩
Vaelgor & Ezzorak,5,216972.3527729,SEN,0,14,391.504,cnT93M7pvhCNyZFX,19,Lancer
Vaelgor & Ezzorak,6,215859.49387013,SEN,0,14,343.074,MdAxgVzCpBZ1J7k9,31,냥에카
Vaelgor & Ezzorak,7,215064.0,SEN,0,14,360.125,yZtYAJgxdcN2VBah,25,로저브라운
Vaelgor & Ezzorak,8,214787.37764721,SEN,0,14,415.295,jL8Pmc9rpHKTgJDW,77,야수투배럭
Vaelgor & Ezzorak,9,212497.97988988,SEN,0,14,406.661,6bzR3pANhkmQ4xcG,5,最高的山
Vaelgor & Ezzorak,10,211860.33737092,SEN,0,14,385.214,18PX2hgfZcAY4wJC,24,Ridee
Vaelgor & Ezzorak,11,211118.28866375,SEN,0,14,458.776,aq9wbJt64zK7PXCc,26,Rpoon
Vaelgor & Ezzorak,12,210991.60643046,SEN,0,14,455.706,9x6p2rhjXJNnYRMm,73,姬不可湿
Vaelgor & Ezzorak,13,210931.11845922,SEN,0,14,408.571,bzR6LaV7NkMQFHC4,29,Saladoris
Vaelgor & Ezzorak,14,210668.63370736,SEN,0,14,366.371,wZDCPRpkfx3Htn6F,64,相遇喔
Vaelgor & Ezzorak,15,210165.09862081,SEN,0,14,427.496,XBMrhLP7gmyKYxHD,28,丫丫靈娃娃
Vaelgor & Ezzorak,16,209832.70836779,SEN,0,14,405.089,xvz8dKYpNXVnwQa2,23,大四喜丶
Vaelgor & Ezzorak,17,209731.68787813,SEN,0,14,398.998,KdvcDn9k4P6QAXZH,20,Aczx
Vaelgor & Ezzorak,19,208756.42768228,SEN,0,14,367.123,B7hyNVfxv2PFD6QL,25,Garfxd
Vaelgor & Ezzorak,20,208627.44665743,SEN,0,14,349.252,RgkQK7XfhqrTCaPd,25,동칩
Vaelgor & Ezzorak,21,208586.13134721,SEN,0,14,331.366,HBCNb3KQkf2cnGyW,29,Jazzpub
Vaelgor & Ezzorak,22,208524.23812828,SEN,0,14,301.199,vjr3XhfG71AYLkMz,25,Мусенито
Vaelgor & Ezzorak,23,208092.87991948,SEN,0,14,425.248,Jj2zQAvxpfn3dHGr,76,事与愿违
Vaelgor & Ezzorak,24,208073.58380533,SEN,0,14,375.531,kgtbaGyzAKHqXCv4,16,边缘行走
Vaelgor & Ezzorak,25,207493.83436179,SEN,0,14,390.876,62YjXbBcNW8fwQ71,33,격사냥꾼
Vaelgor & Ezzorak,26,207095.18017529,SEN,0,14,387.234,YThZX89ynA6BCwGV,32,Geethdwarf
Vaelgor & Ezzorak,27,206723.71135718,SEN,0,14,364.492,JYvbNnAZDkr2Czdt,31,Korpikz
Vaelgor & Ezzorak,28,206192.58915541,SEN,0,14,385.759,DyHtdTYMP1w7BQGp,65,奇怪的队友
Vaelgor & Ezzorak,29,205878.11840895,SEN,0,14,430.508,JNaFDpcAV9qxvPBj,2,奎恩一号
Vaelgor & Ezzorak,30,205797.04219105,SEN,0,14,360.74,VzFYht67yd8xfH9m,23,Smallark
Vaelgor & Ezzorak,31,205787.25815047,SEN,0,14,431.57,6aRbX7PqzypwJHB8,382,曦月么
Vaelgor & Ezzorak,32,205636.04380451,SEN,0,14,423.518,aJK9kgHP864n7BzA,30,Personap
Vaelgor & Ezzorak,33,205587.99250557,SEN,0,14,402.432,jNm46zwYDAxt38Ty,60,Aono
Vaelgor & Ezzorak,34,205381.19810841,SEN,0,14,389.514,LqTQzvp7G9NmbDMW,23,Autonomy
Vaelgor & Ezzorak,47,203976.75248773,SEN,0,14,406.194,NxdTZR6MJFarzb2w,29,陈年风褛
Vaelgor & Ezzorak,49,203852.49680578,SEN,0,14,451.597,P4VptnfXvcrybMgd,5,小黑十五号
Vaelgor & Ezzorak,55,203023.08740948,SEN,0,14,399.785,vgkYaj8m1FztLAJB,22,陪着上帝流浪
Vaelgor & Ezzorak,59,202231.06777534,SEN,0,14,376.184,M8VALq3grWbY9cmD,44,Залпсмерти
Vaelgor & Ezzorak,63,201848.11067624,SEN,0,14,437.167,JtxAZwgjBfpF4dMr,29,Gingihhm
Vaelgor & Ezzorak,65,201613.26980223,SEN,0,14,390.36,YTCqfXn8xB2dVRN1,18,Bogenborin
Vaelgor & Ezzorak,66,201501.28164988,SEN,0,14,392.853,R6BL8z4KMHbjk3Py,17,小黄油丶
Vaelgor & Ezzorak,67,201207.18757757,SEN,0,14,398.827,Djk7m2LPMfQAtaw9,16,Evasve
Vaelgor & Ezzorak,68,201182.54087703,SEN,0,14,405.301,Hyp8thrYwRXNBTM3,16,Istafiv
Vaelgor & Ezzorak,70,201133.68236147,SEN,0,14,348.969,KgTWywC74rfMZ8k1,26,보잭이
Vaelgor & Ezzorak,71,201091.56921626,SEN,0,14,390.284,y6NKMLHXF3VaTCAf,4,Azxc
Vaelgor & Ezzorak,77,200650.64557056,SEN,0,14,361.773,aXkNdrPDwFy9zGWm,20,붸냥
Vaelgor & Ezzorak,89,199400.03085823,SEN,0,14,434.244,p1ahVBH6tyzWZJbm,64,尤女
Vaelgor & Ezzorak,90,199380.27174399,SEN,0,14,447.48,2jv93QZg4yxTckfp,66,生死皆闲云
Vaelgor & Ezzorak,94,199128.3459125,SEN,0,14,364.624,Af3tRK8pBVmz49Mx,24,Vayenhunt
Vaelgor & Ezzorak,95,199089.55770944,SEN,0,14,411.969,ghb8rvzYTytqwX9K,25,Taewoos
Vaelgor & Ezzorak,98,198920.58117498,SEN,0,14,435.325,6R3bGnNPxzVByQdA,26,雇佣兵丶放狗
Vaelgor & Ezzorak,99,198838.17482731,SEN,0,14,389.859,H4tPqVyBbmhQpXg9,21,Kimtaewoo
Lightblinded Vanguard,1,259076.13210725,SEN,0,14,391.924,ZM1ckGYCav6tgzpq,31,파개왕태우스
Lightblinded Vanguard,2,241640.68617503,SEN,0,14,438.547,rCmyqYLj1tXFpPTJ,32,Austinggfor
Lightblinded Vanguard,3,240197.25801564,SEN,0,14,412.475,7pnNPJyMVxLc6qX2,26,青丶
Lightblinded Vanguard,4,238521.01358685,SEN,0,14,424.749,6f8mC4KytYazDWHQ,4,Xnaze
Lightblinded Vanguard,5,238324.95624003,SEN,0,14,386.769,4pHmMRhJVFr6T7kL,22,태우스
Lightblinded Vanguard,6,238245.60977741,SEN,0,14,412.052,qf3N4PDgCkmRX9p8,9,小黄油丶
Lightblinded Vanguard,7,237989.43912866,SEN,0,14,353.664,cRWLPDph6bxqdj4Q,48,Kevinknight
Lightblinded Vanguard,8,237148.94762195,SEN,0,14,406.888,ZxdhrqVgv63jfnDL,10,Allaloné
Lightblinded Vanguard,9,237000.94120505,SEN,0,14,461.111,JtxAZwgjBfpF4dMr,36,Gingihhm
Lightblinded Vanguard,10,236682.17910099,SEN,0,14,410.316,NkWG7axMLbCApdwZ,62,Lejonbramez
Lightblinded Vanguard,11,235378.35618938,SEN,0,14,394.644,tmDYNjhPa4AgVv8H,35,순쇠고기패티
Lightblinded Vanguard,12,234534.49059347,SEN,0,14,385.105,KZHyzR1fgQFjVWrX,36,코륨화살
Lightblinded Vanguard,13,234072.88857513,SEN,0,14,424.95,QJKvkCZFyz2VXMfA,68,尿不湿丶
Lightblinded Vanguard,14,233753.7902068,SEN,0,14,411.653,rTQBbkcVjMm6ChHn,32,虾仁三号
Lightblinded Vanguard,15,233642.80022038,SEN,0,14,406.568,Xc9ZNfnwB8G1CTky,34,Angelrinqt
Lightblinded Vanguard,16,233299.45250347,SEN,0,14,395.071,97Q4HYxRWPBc2L6w,21,Taewoos
Lightblinded Vanguard,17,232901.8614479,SEN,0,14,397.54,9pvwbPZTCgndmkH8,31,唐绰兮
Lightblinded Vanguard,18,232373.88895518,SEN,0,14,427.413,VjJM9cG6AQP14pKx,34,电子咖啡
Lightblinded Vanguard,19,232223.31366408,SEN,0,14,429.096,j49aw3AkpvLWbzqt,24,Mâcky
Lightblinded Vanguard,20,231122.68839041,SEN,0,14,389.988,HY4Dxp6f81yn3dqa,82,칩금
Lightblinded Vanguard,21,230976.88029773,SEN,0,14,353.335,mQkJF4zVCwTZj1Lt,31,Punisherinho
Lightblinded Vanguard,22,230863.20329208,SEN,0,14,394.644,tmDYNjhPa4AgVv8H,35,냥에카
Lightblinded Vanguard,23,230711.73138145,SEN,0,14,398.93,3NHabj1Cpyh4FfDz,26,Vayenhnt
Lightblinded Vanguard,24,230452.56210792,SEN,0,14,340.013,vxDtq4VnBmgbFa3k,13,Членвнутри
Lightblinded Vanguard,25,230343.54744519,SEN,0,14,414.394,YMArjZW7DnKt4gCG,40,葱卡丘
Lightblinded Vanguard,26,230342.03128738,SEN,0,14,300.952,xTfg9cdzHQADCYXF,32,Neyebae
Lightblinded Vanguard,27,230230.90824696,SEN,0,14,424.411,qXFm8gyGJMkjaTB3,74,灬浅唱丶
Lightblinded Vanguard,28,230094.15428302,SEN,0,14,397.231,3cWhCN4DkwPzvanm,24,Shaype
Lightblinded Vanguard,29,230026.07622888,SEN,0,14,432.041,DrpjA42bXcPK6y1Z,36,带刀蝴蝶
Lightblinded Vanguard,30,229943.23051193,SEN,0,14,404.196,9FZb6LCcXDVhzr2v,8,小动物饲养员
Lightblinded Vanguard,31,229909.94005398,SEN,0,14,418.71,mbnjq3AHFVM9dzrc,286,老湿姬
Lightblinded Vanguard,32,229777.13678086,SEN,0,14,409.085,KV7ykqwmRArxzZPf,51,汤泡饭丶
Lightblinded Vanguard,33,229330.86620991,SEN,0,14,452.754,tJ12bFVZYABrhcTj,36,慕丿炎
Lightblinded Vanguard,49,227280.44715726,SEN,0,14,437.43,kgtbaGyzAKHqXCv4,30,边缘行走
Lightblinded Vanguard,60,226262.69157207,SEN,0,14,402.59,GpxhTWP31N9KyXbq,8,Cryka
Lightblinded Vanguard,63,226036.09080636,SEN,0,14,419.442,6R3bGnNPxzVByQdA,32,雇佣兵丶放狗
Lightblinded Vanguard,67,225734.54931737,SEN,0,14,414.205,rmGvPKhqjHYZpd34,33,파강마
Lightblinded Vanguard,68,225657.41050853,SEN,0,14,400.094,kvATLW82zc63NQJj,29,양희차니
Lightblinded Vanguard,69,225649.5999141,SEN,0,14,447.029,2jv93QZg4yxTckfp,72,生死皆闲云
Lightblinded Vanguard,74,225409.27954164,SEN,0,14,400.731,4M2ckjZ9FpbvJtwQ,29,Ozinator
Lightblinded Vanguard,80,225212.28639102,SEN,0,14,404.887,ZWntyBCqk7bd8XLK,18,Beastsong
Lightblinded Vanguard,87,224750.49602453,SEN,0,14,412.278,pBNGRQYgacKMdbjm,4,Personab
Lightblinded Vanguard,90,224716.43785797,SEN,0,14,448.191,f4ZrTPK6WNjDwmyQ,16,긁혔냥
Lightblinded Vanguard,92,224549.8036467,SEN,0,14,416.596,2GwTd37MzYQjpvtK,14,Dyhma
Crown of the Cosmos,1,214194.89404529,SEN,0,14,499.358,ZM1ckGYCav6tgzpq,33,파개왕태우스
Crown of the Cosmos,2,212998.53011358,SEN,0,14,471.472,njHwDWFPZJ2rm6TK,86,Членвнутри
Crown of the Cosmos,3,212290.64939267,SEN,0,14,497.379,jcBRz7y9v8LJVpwx,38,Смачнапеченя
Crown of the Cosmos,4,210595.4296631,SEN,0,14,488.153,Z2YmqQxG1hPwLzWK,20,Magnumden
Crown of the Cosmos,5,208891.30058595,SEN,0,14,508.753,b8W9VAkz4dMNL73v,111,彻蕊
Crown of the Cosmos,6,205482.71304071,SEN,0,14,454.153,6zpRNGy3Xgn2Trtb,29,Леджикс
Crown of the Cosmos,7,204423.91194021,SEN,0,14,516.558,VjJM9cG6AQP14pKx,36,电子咖啡
Crown of the Cosmos,8,203839.87312345,SEN,0,14,464.424,zRPZ13qFDT8YfAXW,87,Мусенито
Crown of the Cosmos,9,203217.70052884,SEN,0,14,467.857,Y6GWPBLQkA4yCgn8,44,Kralgesek
Crown of the Cosmos,10,202878.34195738,SEN,0,14,502.792,pWdAfJY1jrgG4aLc,180,小黑二号
Crown of the Cosmos,11,202671.39199619,SEN,0,14,481.206,QCjKpkJ8wcdYrNmW,34,로저브라운
Crown of the Cosmos,12,201092.47821022,SEN,0,14,502.204,tmDYNjhPa4AgVv8H,39,냥에카
Crown of the Cosmos,13,200923.82279808,SEN,0,14,501.735,FdTMqAYcHwDWh6j1,50,兮月丶丶
Crown of the Cosmos,14,200484.86433901,SEN,0,14,528.329,jkFrR6XJwm1BqcVT,62,拱啊红蛋
Crown of the Cosmos,15,200469.1250986,SEN,0,14,474.932,Jxhm8Zq3X6BDrcFV,9,Veldix
Crown of the Cosmos,16,200422.91868871,SEN,0,14,467.258,WRCKXJhYPy726LBG,5,긁혔냥
Crown of the Cosmos,17,200242.53007197,SEN,0,14,495.612,g1Bkf6XDCNKH29pb,13,Minyue
Crown of the Cosmos,18,199332.00947148,SEN,0,14,450.098,vxDtq4VnBmgbFa3k,14,Komandovichx
Crown of the Cosmos,19,199060.17875758,SEN,0,14,481.657,WYVFTyq4JwkaPcdH,22,Ледибак
Crown of the Cosmos,20,198946.43298336,SEN,0,14,501.565,pWdAfJY1jrgG4aLc,220,小黑十五号
Crown of the Cosmos,21,198832.87970629,SEN,0,14,492.361,Q8fBVxC1ZYj7nFPW,37,태우스
Crown of the Cosmos,22,198352.96896069,DR,14,0,446.532,rPB1y64hY7ncqkNa,27,Дядяизфсб
Crown of the Cosmos,23,198311.428201,SEN,0,14,454.351,xXKbhByJtgcWAq9z,22,주학몬
Crown of the Cosmos,24,198183.42339248,SEN,0,14,506.645,TvkLgHNZ4qam8c1V,33,Taewoos
Crown of the Cosmos,25,197868.9850404,SEN,0,14,460.949,hmbzZMFPXH68cAxW,33,Bydh
Crown of the Cosmos,26,197776.95804734,SEN,0,14,455.544,ZM9DdL4vV3GX6Wyj,38,Jazzpub
Crown of the Cosmos,27,197423.1778628,SEN,0,14,513.378,8tTYHn4GDJ39dcKC,24,春日影
Crown of the Cosmos,28,197151.38737997,DR,14,0,509.475,a9XqA1FNYwTZbKLz,124,在下王鑫
Crown of the Cosmos,29,196929.64146224,SEN,0,14,519.726,db1P7rvN9qTLJRj8,32,Kimtaewoo
Crown of the Cosmos,30,196866.59585377,SEN,0,14,487.338,fWQv23TMHpKxDNCn,20,Beastsong
Crown of the Cosmos,31,196777.70183794,SEN,0,14,513.144,1mxGMcz76VfvyA3g,5,小黑二十号
Crown of the Cosmos,32,196383.73330074,SEN,0,14,495.099,fLXMQnkarJy7q1Kx,61,小黑九号
Crown of the Cosmos,33,196366.00386411,SEN,0,14,524.241,N1QFZYKaXLDAGn2M,31,打睡着了
Crown of the Cosmos,37,195737.52152577,SEN,0,14,515.478,gjWTLYm1Mknd32w7,37,卡了不然能莎
Crown of the Cosmos,43,194827.08809803,SEN,0,14,482.721,fgZ2rMjKnz6kLcGN,9,Zooming
Crown of the Cosmos,60,191855.35248495,SEN,0,14,514.266,4TvBPjH1LnxyGpwR,7,Undercoviira
Crown of the Cosmos,65,191363.02796664,SEN,0,14,493.63,yAKkmg98LwrV7TZ4,38,叫我月小神
Crown of the Cosmos,69,190895.34040553,SEN,0,14,499.494,bz2P4r9HT7xqgZWR,28,虾仁三号
Crown of the Cosmos,70,190889.5159465,SEN,0,14,516.476,3rvPKLxnbaGcj1J4,34,Ozinatorxd
Crown of the Cosmos,72,190740.85171144,SEN,0,14,494.867,QWHRT9tJAkxq8vYb,12,Shaqtus
Crown of the Cosmos,75,190257.6102372,SEN,0,14,515.125,nK2VTm9Fzd6BP7wv,122,Punisherinho
Crown of the Cosmos,79,189634.43248131,SEN,0,14,530.304,XjtdV9WRwcFhTaCz,37,新手猎卖萌
Crown of the Cosmos,81,189526.85278306,SEN,0,14,519.863,nVPqyfMZwgcQR1Hh,14,Hunjamin
Crown of the Cosmos,83,189350.0870003,SEN,0,14,509.016,4hVBXCkx3cWfPgYd,33,在下晓明
Crown of the Cosmos,87,188802.03935226,SEN,0,14,502.582,jB2cHz9VdALQGgvy,31,悍匪老胡
Crown of the Cosmos,93,188234.81001942,SEN,0,14,531.695,FkPVQcyd2rHt3abh,30,盛宴猎
Crown of the Cosmos,95,187976.98971186,SEN,0,14,509.149,BfHr1tXzPyYnqRT7,191,点都不土
Crown of the Cosmos,97,187823.20888079,SEN,0,14,516.17,Mc6vbBhjkrRKyTZY,42,김태우
Crown of the Cosmos,98,187759.42685737,SEN,0,14,519.466,kb6zNVnLTQ3HdPcM,8,Dpxhunt
Crown of the Cosmos,100,187502.93629851,SEN,0,14,510.398,WaPvGDBrfqN7Y4x1,53,陈年风褛
"Chimaerus, the Undreamt God",1,172440.52414625,DR,14,0,149.195,dGQLAF3rXT7vxJa9,10,或昱或愚
"Chimaerus, the Undreamt God",2,165685.40512361,DR,14,0,149.621,a9xyAghVTvJqm1ZG,32,陈年风褛
"Chimaerus, the Undreamt God",3,151486.03237763,DR,14,0,146.768,NXVzr4xGjgk6qwp2,12,Hopobopo
"Chimaerus, the Undreamt God",4,150446.14740953,DR,14,0,143.41,3c8KDhRPzB2b6rtv,37,Airponchik
"Chimaerus, the Undreamt God",5,149734.04530901,DR,14,0,289.523,34wxrRFBtnDZJVkA,1,정유미최진이
"Chimaerus, the Undreamt God",6,148621.88456787,DR,14,0,148.936,qzawYfMmCGVH63Bn,14,丶依枪穿云
"Chimaerus, the Undreamt God",7,148582.05883714,SEN,0,14,324.115,HyGcnNarh7VYDgM4,1,코륨화살
"Chimaerus, the Undreamt God",8,146984.77058703,DR,14,0,272.696,HX9ybh3gwGzZC8QL,4,파강마
"Chimaerus, the Undreamt God",9,145344.62509592,SEN,0,14,345.355,pvdtXy6zNf7kT8LZ,3,转九
"Chimaerus, the Undreamt God",10,144547.42410701,DR,14,0,277.496,k32wT7BZ1XvgyK6W,2,파개왕태우스
"Chimaerus, the Undreamt God",11,144003.25617193,DR,14,0,320.929,DhkLW48tyX7pMCGm,3,태우스
"Chimaerus, the Undreamt God",12,143812.21637383,DR,14,0,292.198,LdWqAK3MRCPrkxFt,12,Папавэник
"Chimaerus, the Undreamt God",13,143561.2330088,DR,14,0,340.176,98mZzxNtpwRach4y,2,Досикхайтаб
"Chimaerus, the Undreamt God",14,142894.62386109,DR,14,0,314.445,trNkKQbdmzwWG9y4,80,Solhunti
"Chimaerus, the Undreamt God",15,142416.55105816,DR,14,0,147.048,hBGWgJcjP3qRdF8X,6,阳光暖阳阳
"Chimaerus, the Undreamt God",16,141998.56528842,DR,14,0,331.774,YKJxPQFVgh9fa7LG,8,Arlun
"Chimaerus, the Undreamt God",17,141914.8515261,DR,14,0,145.076,TJMjnFALgyVWp9NX,11,Fredagain
"Chimaerus, the Undreamt God",18,141839.70433495,SEN,0,14,384.895,G6aDThLdNz3WP7mX,23,Ratatouille
"Chimaerus, the Undreamt God",19,141365.2226936,DR,14,0,308.316,D9fGygdbFV7a14cP,2,Taewoos
"Chimaerus, the Undreamt God",20,140761.97547656,DR,14,0,144.107,47jarVtFKYLgZpcf,39,来感觉了吗
"Chimaerus, the Undreamt God",21,140649.01010921,DR,14,0,339.987,18PX2hgfZcAY4wJC,3,Ridee
"Chimaerus, the Undreamt God",22,140608.07344906,SEN,0,14,322.836,wCBmJqW41PbZRHrz,4,양혐
"Chimaerus, the Undreamt God",23,140585.0300648,DR,14,0,316.982,6pDAxr9dZmVcXvqW,34,Solcheeto
"Chimaerus, the Undreamt God",24,140355.18445363,SEN,0,14,357.434,aTxjDhNJ19rc78mp,1,转十二
"Chimaerus, the Undreamt God",25,140345.1582561,SEN,0,14,376.352,fvtqCbYWJ19KjHG6,7,命終紸錠
"Chimaerus, the Undreamt God",26,140067.79928052,DR,14,0,380.83,yFfXAaKmrctBdxY7,4,丶低调
"Chimaerus, the Undreamt God",27,139861.48099589,DR,14,0,292.884,vc8XhyLJDapCgFR4,3,Rngu
"Chimaerus, the Undreamt God",28,139515.83945416,SEN,0,14,379.306,9TgLqMpGjrmAc17k,5,艾琳灬风信子
"Chimaerus, the Undreamt God",29,139515.21960903,DR,14,0,145.076,TJMjnFALgyVWp9NX,11,小熊走十里
"Chimaerus, the Undreamt God",30,139293.81525984,SEN,0,14,398.982,AP4w79aRBpJXCfqG,6,不语道人
"Chimaerus, the Undreamt God",31,139250.19534086,DR,14,0,144.619,qNF8m9VQrvpRHYL4,7,Haldt
"Chimaerus, the Undreamt God",32,139199.05221402,DR,14,0,291.416,Gy823bYjKLCvVBwq,5,냥에카
"Chimaerus, the Undreamt God",33,138930.48515773,SEN,0,14,354.73,Lt9bJNXrF7KWkGzZ,14,转十一
"Chimaerus, the Undreamt God",49,137292.97360483,DR,14,0,297.706,ZWntyBCqk7bd8XLK,1,Beastsong
"Chimaerus, the Undreamt God",50,137227.40997757,SEN,0,14,386.487,dkx7WpyYKgzHVjt3,3,資深小白
"Chimaerus, the Undreamt God",54,136800.80333281,SEN,0,14,314.689,YTdWBwpMN4P7zXnA,3,米咕咕饲养员
"Chimaerus, the Undreamt God",57,136076.62734064,DR,14,0,393.802,D4TCrX826bhNVcg3,40,Дэпсик
"Chimaerus, the Undreamt God",60,135333.77262454,DR,14,0,319.454,pBfY3NXvrgQCw9KZ,4,云诺千山
"Chimaerus, the Undreamt God",64,134618.14925715,DR,14,0,348.995,8tTYHn4GDJ39dcKC,3,春日影
"Chimaerus, the Undreamt God",65,134616.60002658,SEN,0,14,331.132,PDmAa8jHF6fLKgCG,2,Varàs
"Chimaerus, the Undreamt God",67,134489.8000011,SEN,0,14,364.902,gjWTLYm1Mknd32w7,3,卡了不然能莎
"Chimaerus, the Undreamt God",69,134225.64357358,DR,14,0,322.03,rPD82HxR7pg3FbNB,5,퍼런멸치
"Chimaerus, the Undreamt God",70,134218.78114874,DR,14,0,328.063,KrBCPaWn17t6vhNA,8,행성사냥꾼
"Chimaerus, the Undreamt God",79,133323.60667857,SEN,0,14,354.387,dWAjZkvtDnacXPVx,4,Byikkda
"Chimaerus, the Undreamt God",83,132847.01995507,SEN,0,14,378.35,JtxAZwgjBfpF4dMr,4,Gingihhm
"Chimaerus, the Undreamt God",85,132410.77172429,SEN,0,14,359.701,7CvpWRq9Nn21AGz4,74,늙고병든망구
"Chimaerus, the Undreamt God",91,132084.27330028,DR,14,0,315.082,f8x9AKDYZqvmGLka,1,꾼월
"Chimaerus, the Undreamt God",95,131424.91043357,DR,14,0,355.602,G23NWXBzHYKPag6b,58,긁혔냥
"Belo'ren, Child of Al'ar",1,139810.59638568,SEN,0,14,317.127,tXJhRMPWCv1wjVfc,15,파개왕태우스
"Belo'ren, Child of Al'ar",2,139671.60024866,SEN,0,14,320.119,qgGbFKwtNWHmxA4J,35,卓伦
"Belo'ren, Child of Al'ar",3,138908.45359108,SEN,0,14,312.246,TXKrxncwWH2DqA9j,7,Членвнутри
"Belo'ren, Child of Al'ar",4,138690.52899203,SEN,0,14,323.313,1L6GypBdzKnmCRjk,144,Malarkus
"Belo'ren, Child of Al'ar",5,137754.99083599,SEN,0,14,324.094,vRZ9DbqXYTAK6ycz,25,Проксипанда
"Belo'ren, Child of Al'ar",6,137676.62996484,SEN,0,14,312.246,TXKrxncwWH2DqA9j,7,Komandovichx
"Belo'ren, Child of Al'ar",7,136556.60013871,SEN,0,14,324.425,yjGg91Cq8b7YFRvL,53,주학몬
"Belo'ren, Child of Al'ar",8,135160.04917256,SEN,0,14,318.877,gyVJMbLvcaZkhYw6,50,Cazazthan
"Belo'ren, Child of Al'ar",9,135098.48530657,SEN,0,14,330.76,J19KGYywMqnbaQW4,10,米咕咕饲养员
"Belo'ren, Child of Al'ar",10,134188.03254039,SEN,0,14,311.244,XGpLd9vHFxyTK18r,7,냥에카
"Belo'ren, Child of Al'ar",11,133712.4069236,SEN,0,14,326.882,kHM4Bc2dPFZXAtQv,33,夏夜神話
"Belo'ren, Child of Al'ar",12,133389.91798151,SEN,0,14,287.74,7dhBKwfgZx4rpCjc,1,Banshers
"Belo'ren, Child of Al'ar",13,132274.99603533,SEN,0,14,308.979,kqrbZ1fcjBhLNmKR,31,Tipofthejiko
"Belo'ren, Child of Al'ar",14,132115.17352104,SEN,0,14,309.559,PrmABHanTbgRzck1,19,Canyon
"Belo'ren, Child of Al'ar",15,131578.42442144,SEN,0,14,306.059,hZ1bB3M9jqPmwcnd,98,Solduck
"Belo'ren, Child of Al'ar",16,131394.91695871,SEN,0,14,328.15,BJCmGKf3XkD7MTth,54,스파게티
"Belo'ren, Child of Al'ar",17,131030.12215988,SEN,0,14,326.703,qWwCmJQVGfdBvFc9,1,在下王鑫
"Belo'ren, Child of Al'ar",18,130702.12066014,SEN,0,14,328.294,aXH3nC8JAqMcz9mf,43,격사냥꾼
"Belo'ren, Child of Al'ar",19,130620.37631383,SEN,0,14,328.715,8tTYHn4GDJ39dcKC,26,春日影
"Belo'ren, Child of Al'ar",20,130530.44745787,SEN,0,14,330.668,ygVjQTWArPRcL73t,38,Azozo
"Belo'ren, Child of Al'ar",21,130478.04009259,SEN,0,14,305.443,pqxnrJmaj4MfBYZP,48,간장계란국수
"Belo'ren, Child of Al'ar",22,130163.3188205,SEN,0,14,323.392,jtw1bQhzYTc8Lqv6,2,转六
"Belo'ren, Child of Al'ar",23,130125.66162296,SEN,0,14,326.281,yZtYAJgxdcN2VBah,42,로저브라운
"Belo'ren, Child of Al'ar",24,129712.03799325,SEN,0,14,304.054,rVDank6jypRzW9Fx,7,陈年风褛
"Belo'ren, Child of Al'ar",25,129545.17932499,SEN,0,14,325.359,Jbn7aLfdvAkz4M2N,47,有栖莉空
"Belo'ren, Child of Al'ar",26,129430.75638085,SEN,0,14,330.442,ja7HKbmARkG2Prqp,30,Varàs
"Belo'ren, Child of Al'ar",27,128958.07967943,SEN,0,14,324.425,yjGg91Cq8b7YFRvL,53,극호흡무딜
"Belo'ren, Child of Al'ar",28,128857.24668499,DR,14,0,315.082,9bYX6cRVHz8BnjWJ,28,Sendo
"Belo'ren, Child of Al'ar",29,128423.08500434,SEN,0,14,328.395,ZpQ4P8YnVv6Majfx,68,随便随便
"Belo'ren, Child of Al'ar",30,128007.87797933,SEN,0,14,323.814,gfkKJwMxnDG9HpWT,6,Shaqtus
"Belo'ren, Child of Al'ar",31,127956.81998745,SEN,0,14,323.483,Zj4cKtP6mxA9vR83,23,Qinai
"Belo'ren, Child of Al'ar",32,127920.09642166,SEN,0,14,314.867,rKaZNCYTX1QqhkJt,10,Ridee
"Belo'ren, Child of Al'ar",33,127820.36127504,SEN,0,14,339.409,ZjkD6gnQV8Fax3qm,15,声小点我布隆
"Belo'ren, Child of Al'ar",34,127798.03380859,SEN,0,14,315.127,hWyTfDj37PqMabp6,39,Hunjamin
"Belo'ren, Child of Al'ar",47,126686.70797711,SEN,0,14,336.638,GZy9DKMV87qx3vL1,8,转十七
"Belo'ren, Child of Al'ar",55,125439.90239883,SEN,0,14,315.57,V2kbPdm7vX9BCGDn,50,태우스
"Belo'ren, Child of Al'ar",72,123216.64836399,SEN,0,14,325.089,ZYGCLkvaP3fbRVTq,16,Atcaution
"Belo'ren, Child of Al'ar",73,123107.0464629,SEN,0,14,324.56,DjbZ2G6CcV7YKwLP,31,我不爱吃菜
"Belo'ren, Child of Al'ar",74,123010.87685831,SEN,0,14,304.04,Mh7DGNYJZv2X3ry1,17,Survi
"Belo'ren, Child of Al'ar",76,122844.58431942,SEN,0,14,321.557,Z2ca1vbFzrqAxBhg,2,Ragedast
"Belo'ren, Child of Al'ar",79,122678.04278018,SEN,0,14,338.194,Q6cT1nAtbWjXLhfY,8,在下小凡
"Belo'ren, Child of Al'ar",80,122639.82806145,SEN,0,14,320.347,hHPByxX712T3br9p,11,Skryf
"Belo'ren, Child of Al'ar",83,122473.66665164,SEN,0,14,332.715,fNb1kRvJj8XmQwBF,20,Lemoondt
"Belo'ren, Child of Al'ar",87,122332.54063627,SEN,0,14,316.22,JgT1wtAzyqQf92PB,21,Ihatethewolr
"Belo'ren, Child of Al'ar",88,122315.36361305,SEN,0,14,331.465,DAm2FRpaPWh6VJ7b,46,转三
Midnight Falls,1,225503.25652724,DR,14,0,546.441,t987khwQMRXLdp63,5,냥에카
Midnight Falls,2,220626.08780838,DR,14,0,551.223,k32wT7BZ1XvgyK6W,50,파개왕태우스
Midnight Falls,3,218560.04182854,DR,14,0,570.902,PyGrm4jFRCh3Mp6d,36,로저브라운
Midnight Falls,4,213826.25382044,DR,14,0,545.094,mxr4M69NcC8kYy1A,61,주학몬
Midnight Falls,5,212891.63829957,DR,14,0,551.108,jL8Pmc9rpHKTgJDW,52,Taewoos
Midnight Falls,6,208567.95953032,SEN,0,14,540.454,jpz4HNmwFXZBt93r,44,Geethdwarf
Midnight Falls,7,206230.20207038,DR,14,0,547.532,9DhR1njgK3VAFvrx,2,Членвнутри
Midnight Falls,8,200464.48466771,SEN,0,14,524.351,y6k18NWqTnJXaMQb,9,Grebet
Midnight Falls,9,198424.56376925,DR,14,0,556.185,4rW9Jf6mbHAZCnzt,16,龍酒
Midnight Falls,10,197876.29423314,SEN,0,14,547.525,HM7TPfaWmXz3qC8Y,10,陈年风褛
Midnight Falls,11,197640.44425942,SEN,0,14,538.064,W6cHZG7dCnrMB2pY,22,来感觉了吗
Midnight Falls,12,197059.41616775,DR,14,0,546.013,y2ctzhbTaM63vLPn,17,Banshers
Midnight Falls,13,196201.64220277,SEN,0,14,541.955,W4fFDBbMLAtQkZHz,56,Bîstand
Midnight Falls,14,195717.49789368,DR,14,0,559.033,4pHmMRhJVFr6T7kL,41,태우스
Midnight Falls,15,192185.9998037,DR,14,0,550.178,1KJxRgmQb8GpXycF,3,Капитанкокос
Midnight Falls,16,190994.06546098,SEN,0,14,546.799,8jRNKnZp2YM4g9rQ,39,Diddy
Midnight Falls,17,190944.21167112,SEN,0,14,573.758,W8MpVn7ArkBmQDw9,4,诗忆丶
Midnight Falls,18,190544.64226762,DR,14,0,560.377,VQAdG4FnZ16vkbwT,40,米咕咕饲养员
Midnight Falls,19,190142.22902294,SEN,0,14,526.742,dm4NWBpGtfqDXCzr,5,Snowhuntr
Midnight Falls,20,189814.21963361,SEN,0,14,567.272,NtPaJCF6nrMBZyKj,7,Neyebae
Midnight Falls,21,189438.2854875,DR,14,0,536.689,Lm4Kjd1DG9CXQHkp,42,돈내고똥먹기
Midnight Falls,22,186836.65559151,SEN,0,14,576.365,XdLr63VRamHqv4z8,12,仰望天空
Midnight Falls,23,185386.71171948,SEN,0,14,580.06,XdLr63VRamHqv4z8,63,丶小老弟
Midnight Falls,24,184350.96589364,SEN,0,14,577.341,DtyMFGcKTvrP8zW7,2,春日影七
Midnight Falls,25,183165.5531272,DR,14,0,545.408,VYKaWgMyk716CxLd,25,Iryu
Midnight Falls,26,183019.44621059,SEN,0,14,583.507,AJf8DXYMbrVPyg4F,79,春日影
Midnight Falls,27,182529.16091176,SEN,0,14,553.875,mFrj18GfDAzPKdpC,8,Chazh
Midnight Falls,28,181336.73536169,SEN,0,14,580.634,Ptw4fqRnJKBcD7NG,28,小木槿
Midnight Falls,29,181197.52151296,SEN,0,14,578.256,n3LMNZCVP7vfmHz9,42,春日影八
Midnight Falls,30,180551.11399162,SEN,0,14,573.972,XdLr63VRamHqv4z8,77,墨梅丶逸漫雨
Midnight Falls,31,180194.09181244,DR,14,0,548.967,YDTK7VmZRCL2wynz,36,Holex
Midnight Falls,32,179795.00659325,SEN,0,14,572.555,XdLr63VRamHqv4z8,46,我左边画个龙
Midnight Falls,33,179564.53340684,SEN,0,14,573.176,d72NwDB6JHkzCaYh,19,Emote
Midnight Falls,38,177654.24430283,SEN,0,14,577.48,n3LMNZCVP7vfmHz9,17,Hoshinov
Midnight Falls,39,177364.79585663,SEN,0,14,578.466,QXxvA4rTVqCkbfmM,92,萌之上三
Midnight Falls,42,175541.14360364,SEN,0,14,580.236,vhr1JLBzcAGVFQ2x,7,Zyraní
Midnight Falls,44,173244.51976361,SEN,0,14,586.836,ArdJy1mBnKYCQ3qP,45,萌之上
Midnight Falls,47,170121.28896586,SEN,0,14,582.048,AJf8DXYMbrVPyg4F,51,萌之上
Midnight Falls,50,168083.60647008,SEN,0,14,544.599,CDWM8nbyQ1L4Ra2Z,23,Tonytpoggers
Midnight Falls,52,164788.55381268,SEN,0,14,551.45,f1kqc3KtNFBay9Hr,75,Storcken
Midnight Falls,53,163538.89462257,SEN,0,14,551.323,XqAaz9tvjTQ4n1ZY,22,Theshý
Midnight Falls,54,163361.89698995,SEN,0,14,577.167,yAdq2ZnxLb1XHCmk,11,新的厚米丶
Midnight Falls,55,162601.25010904,SEN,0,14,596.108,hW1g8ntG4KXcdayT,48,赤沐晴子
Midnight Falls,56,162262.6559958,SEN,0,14,564.278,wD9hFpyvz681JAmZ,13,Timbahunt
Midnight Falls,58,159345.8558278,SEN,0,14,577.92,xtrVB78Ab62kjmvX,22,Lavosheppe
Midnight Falls,59,156092.49292738,SEN,0,14,564.854,A4knHPYymTpqVtjW,22,窝腰验排
Midnight Falls,60,154512.0917917,SEN,0,14,577.83,yTQV3cv4qMHhXZL6,4,Nutfast
Midnight Falls,61,154083.94227068,SEN,0,14,581.888,bXvg8q6TmWHMncKV,18,Pasoh
Midnight Falls,62,153760.43905488,SEN,0,14,569.496,wD4cPMFgTjkXqtxN,17,Zeodude
Midnight Falls,63,153167.31297843,SEN,0,14,595.172,yqZLtFMKf3CVrhAm,18,丹妮利斯
Midnight Falls,64,147450.1214545,SEN,0,14,596.108,hW1g8ntG4KXcdayT,48,母鸡大侠
Midnight Falls,65,142886.16547517,SEN,0,14,575.748,wpgGTcYBnKV2aHM1,49,苏小粥
Midnight Falls,66,139860.65134298,SEN,0,14,578.19,Rd3rZhTVbcq4xBLA,27,Enâel
